Fecha,Pozo 1028
02/11/1994,1.067
06/02/1996,1.107
06/03/1996,1.117
06/04/1996,1.147
08/05/1996,1.177
02/06/1996,1.187
01/07/1996,1.207
06/08/1996,1.187
03/09/1996,1.167
04/10/1996,1.137
22/10/1996,1.123
19/11/1996,1.134
23/12/1996,1.117
20/01/1997,1.144
24/02/1997,1.143
12/03/1997,1.027
03/04/1997,1.05
12/05/1997,1.076
18/06/1997,1.128
10/07/1997,1.113
09/08/1997,1.125
17/09/1997,1.099
20/10/1997,1.121
19/11/1997,1.111
19/12/1997,1.137
23/01/1998,1.118
21/02/1998,1.096
14/03/1998,1.117
23/04/1998,1.186
21/05/1998,1.186
26/06/1998,1.21
18/07/1998,1.193
23/08/1998,1.192
26/09/1998,1.218
30/10/1998,1.214
23/11/1998,1.197
29/12/1998,1.195
27/01/1999,1.229
16/02/1999,1.218
24/02/1999,1.191
06/03/1999,1.215
31/03/1999,1.234
27/04/1999,1.247
27/05/1999,1.28
21/06/1999,1.274
10/08/1999,1.295
29/08/1999,1.275
21/09/1999,1.275
25/10/1999,1.292
23/11/1999,1.292
24/12/1999,1.309
21/01/2000,1.308
26/02/2000,1.312
17/03/2000,1.303
24/04/2000,1.354
26/05/2000,1.345
29/06/2000,1.369
16/07/2000,1.369
26/08/2000,1.364
01/10/2000,1.371
25/10/2000,1.361
13/11/2000,1.364
18/12/2000,1.368
14/01/2001,1.376
11/02/2001,1.381
26/03/2001,1.173
11/04/2001,1.17
20/05/2001,1.213
15/06/2001,1.226
15/07/2001,1.233
13/08/2001,1.237
25/09/2001,1.226
29/10/2001,1.221
24/11/2001,1.225
18/12/2001,1.232
17/01/2002,1.26
07/02/2002,1.276
05/03/2002,1.287
26/03/2002,0.924
12/04/2002,0.965
29/05/2002,1.082
28/06/2002,1.107
06/07/2002,1.022
16/08/2002,1.063
01/10/2002,1.086
14/10/2002,1.098
29/11/2002,1.089
12/12/2002,1.096
28/01/2003,1.106
17/02/2003,1.134
22/03/2003,1.186
18/04/2003,1.225
11/05/2003,1.245
22/05/2003,1.23
31/05/2003,1.212
14/06/2003,1.265
21/07/2003,1.284
17/08/2003,1.273
07/09/2003,1.262
10/10/2003,1.245
28/11/2003,1.263
27/12/2003,1.278
19/01/2004,1.287
27/02/2004,1.305
10/03/2004,1.316
19/04/2004,1.36
09/05/2004,1.345
29/06/2004,1.396
31/07/2004,1.405
05/08/2004,1.423
17/09/2004,1.39
03/10/2004,1.385
01/12/2004,1.445
25/12/2004,1.395
16/01/2005,1.385
18/02/2005,1.417
11/03/2005,1.43
12/04/2005,1.444
24/05/2005,1.46
18/06/2005,1.456
13/07/2005,1.465
16/08/2005,1.475
11/09/2005,1.475
22/10/2005,1.473
06/12/2005,1.485
25/12/2005,1.47
15/01/2006,1.482
05/02/2006,1.481
19/03/2006,1.505
11/04/2006,1.505
23/05/2006,1.52
18/06/2006,1.56
28/07/2006,1.54
09/08/2006,1.555
21/09/2006,1.53
13/10/2006,1.525
19/11/2006,1.54
12/12/2006,1.545
04/02/2007,1.553
06/02/2007,1.555
12/03/2007,1.563
10/04/2007,1.565
27/05/2007,1.585
10/06/2007,1.59
24/07/2007,1.612
05/08/2007,1.603
01/09/2007,1.611
09/09/2007,1.607
01/10/2007,1.609
06/10/2007,1.621
29/10/2007,1.604
19/11/2007,1.616
01/12/2007,1.614
26/12/2007,1.618
31/01/2008,1.598
02/03/2008,1.639
31/03/2008,1.647
03/05/2008,1.654
27/05/2008,1.685
28/06/2008,1.684
04/08/2008,1.708
25/08/2008,1.694
01/10/2008,1.669
26/10/2008,1.673
05/12/2008,1.685
26/12/2008,1.681
27/01/2009,1.668
23/02/2009,1.683
21/03/2009,1.686
16/04/2009,1.683
18/05/2009,1.703
17/06/2009,1.71
23/07/2009,1.713
17/08/2009,1.699
25/09/2009,1.683
19/10/2009,1.674
25/11/2009,1.651
25/12/2009,1.663
19/01/2010,1.678
27/02/2010,1.642
29/03/2010,1.656
19/04/2010,1.663
24/05/2010,1.706
18/06/2010,1.727
24/07/2010,1.752
23/08/2010,1.735
22/09/2010,1.741
21/10/2010,1.748
25/11/2010,1.752
24/12/2010,1.761
22/01/2011,1.773
23/02/2011,1.774
24/03/2011,1.812
22/04/2011,1.818
28/05/2011,1.846
24/06/2011,1.839
22/07/2011,1.844
22/08/2011,1.858
24/09/2011,1.845
19/10/2011,1.854
23/11/2011,1.877
19/12/2011,1.868
23/01/2012,1.875
27/02/2012,1.691
23/03/2012,1.695
21/04/2012,1.722
22/05/2012,1.754
19/06/2012,1.769
23/07/2012,1.777
27/08/2012,1.776
19/09/2012,1.764
21/10/2012,1.775
19/11/2012,1.78
17/12/2012,1.782
19/01/2013,1.791
21/02/2013,1.512
19/03/2013,1.564
16/04/2013,1.653
21/05/2013,1.553
16/06/2013,1.544
21/07/2013,1.584
23/08/2013,1.576
26/09/2013,1.578
23/10/2013,1.596
21/11/2013,1.633
21/12/2013,1.642
24/01/2014,1.685
16/02/2014,1.7
19/03/2014,1.722
23/04/2014,1.764
23/05/2014,1.791
23/06/2014,1.832
18/07/2014,1.851
17/08/2014,1.865
21/09/2014,1.868
17/10/2014,1.876
19/11/2014,1.881
17/12/2014,1.893
17/12/2014,1.893
25/01/2015,1.91
22/02/2015,1.909
19/03/2015,1.803
26/04/2015,1.514
21/05/2015,1.583
25/06/2015,1.642
23/07/2015,1.685
21/08/2015,1.711
25/09/2015,1.704
22/10/2015,1.711
27/11/2015,1.728
28/12/2015,1.745
25/01/2016,1.789
26/02/2016,1.803
27/03/2016,1.846
24/04/2016,1.871
20/05/2016,1.91
24/06/2016,1.93
22/07/2016,1.94
22/08/2016,1.936
22/09/2016,1.947
22/10/2016,1.962
22/11/2016,1.974
22/12/2016,1.989
22/01/2017,2.004
22/02/2017,1.979
22/03/2017,1.669
22/04/2017,1.745
22/05/2017,1.809
22/06/2017,1.712
22/07/2017,1.763
25/07/2017,1.767
22/08/2017,1.798
22/09/2017,1.829
24/10/2017,1.84
24/11/2017,1.861
24/12/2017,1.87
24/01/2018,1.903
24/02/2018,1.925
24/03/2018,1.945
24/04/2018,1.981
24/05/2018,2.007
24/06/2018,2.022
24/07/2018,2.029
21/08/2018,2.032
24/08/2018,2.035
24/09/2018,2.035
24/10/2018,2.029
30/10/2018,2.032
02/11/2018,2.025
05/11/2018,2.031
07/11/2018,2.026
08/11/2018,2.027
09/11/2018,2.028
10/11/2018,2.027
11/11/2018,2.027
12/11/2018,2.028
13/11/2018,2.03
15/11/2018,2.026
16/11/2018,2.027
17/11/2018,2.028
18/11/2018,2.027
19/11/2018,2.027
21/11/2018,2.03
22/11/2018,2.032
23/11/2018,2.033
24/11/2018,2.032
24/11/2018,2.032
25/11/2018,2.032
26/11/2018,2.032
27/11/2018,2.032
28/11/2018,2.031
29/11/2018,2.031
30/11/2018,2.031
01/12/2018,2.032
02/12/2018,2.032
03/12/2018,2.033
04/12/2018,2.034
05/12/2018,2.037
06/12/2018,2.039
07/12/2018,2.042
08/12/2018,2.041
09/12/2018,2.041
10/12/2018,2.04
11/12/2018,2.041
12/12/2018,2.032
13/12/2018,2.033
14/12/2018,2.033
15/12/2018,2.032
16/12/2018,2.032
17/12/2018,2.031
18/12/2018,2.035
19/12/2018,2.033
20/12/2018,2.035
21/12/2018,2.036
22/12/2018,2.036
23/12/2018,2.035
24/12/2018,2.035
24/12/2018,2.035
25/12/2018,2.035
26/12/2018,2.032
27/12/2018,2.033
28/12/2018,2.033
29/12/2018,2.034
30/12/2018,2.032
31/12/2018,2.032
01/01/2019,2.033
02/01/2019,2.032
03/01/2019,2.033
04/01/2019,2.034
05/01/2019,2.036
06/01/2019,2.034
07/01/2019,2.036
08/01/2019,2.038
09/01/2019,2.035
10/01/2019,2.037
11/01/2019,2.038
12/01/2019,2.039
13/01/2019,2.039
14/01/2019,2.039
15/01/2019,2.04
16/01/2019,2.037
17/01/2019,2.04
18/01/2019,2.041
19/01/2019,2.041
20/01/2019,2.042
21/01/2019,2.041
22/01/2019,2.039
23/01/2019,2.038
24/01/2019,2.042
24/01/2019,2.043
25/01/2019,2.039
26/01/2019,2.039
27/01/2019,2.037
28/01/2019,2.038
29/01/2019,2.039
31/01/2019,2.034
01/02/2019,1.762
02/02/2019,1.503
03/02/2019,1.378
04/02/2019,1.287
05/02/2019,1.254
06/02/2019,1.255
07/02/2019,1.267
08/02/2019,1.227
09/02/2019,1.112
10/02/2019,1.13
11/02/2019,1.148
12/02/2019,1.177
13/02/2019,1.185
14/02/2019,1.205
15/02/2019,1.223
16/02/2019,1.238
17/02/2019,1.246
18/02/2019,1.259
19/02/2019,1.265
20/02/2019,1.271
21/02/2019,1.276
25/02/2019,1.297
26/02/2019,1.304
27/02/2019,1.302
28/02/2019,1.313
01/03/2019,1.319
02/03/2019,1.326
03/03/2019,1.324
04/03/2019,1.33
05/03/2019,1.334
06/03/2019,1.334
07/03/2019,1.343
08/03/2019,1.342
09/03/2019,1.345
10/03/2019,1.35
11/03/2019,1.354
12/03/2019,1.36
13/03/2019,1.357
14/03/2019,1.369
15/03/2019,1.362
16/03/2019,1.375
17/03/2019,1.378
18/03/2019,1.379
19/03/2019,1.38
20/03/2019,1.374
21/03/2019,1.386
22/03/2019,1.386
23/03/2019,1.39
24/03/2019,1.388
25/03/2019,1.392
26/03/2019,1.397
27/03/2019,1.389
28/03/2019,1.402
29/03/2019,1.398
30/03/2019,1.398
31/03/2019,1.401
01/04/2019,1.399
02/04/2019,1.403
03/04/2019,1.403
04/04/2019,1.41
05/04/2019,1.416
06/04/2019,1.421
07/04/2019,1.419
08/04/2019,1.416
09/04/2019,1.417
10/04/2019,1.408
11/04/2019,1.421
12/04/2019,1.426
13/04/2019,1.429
14/04/2019,1.434
15/04/2019,1.433
16/04/2019,1.434
17/04/2019,1.429
18/04/2019,1.43
19/04/2019,1.435
20/04/2019,1.436
21/04/2019,1.44
22/04/2019,1.436
23/04/2019,1.435
24/04/2019,1.44
25/04/2019,1.444
26/04/2019,1.445
27/04/2019,1.448
28/04/2019,1.449
29/04/2019,1.451
30/04/2019,1.446
01/05/2019,1.442
02/05/2019,1.449
03/05/2019,1.451
04/05/2019,1.452
05/05/2019,1.453
06/05/2019,1.457
07/05/2019,1.454
08/05/2019,1.448
09/05/2019,1.449
10/05/2019,1.449
11/05/2019,1.456
12/05/2019,1.468
13/05/2019,1.473
14/05/2019,1.473
15/05/2019,1.469
16/05/2019,1.468
17/05/2019,1.466
18/05/2019,1.467
19/05/2019,1.47
20/05/2019,1.478
21/05/2019,1.482
22/05/2019,1.479
23/05/2019,1.487
24/05/2019,1.484
25/05/2019,1.485
26/05/2019,1.486
27/05/2019,1.499
28/05/2019,1.497
29/05/2019,1.49
30/05/2019,1.494
31/05/2019,1.494
01/06/2019,1.495
02/06/2019,1.5
03/06/2019,1.503
04/06/2019,1.501
05/06/2019,1.504
06/06/2019,1.504
07/06/2019,1.504
08/06/2019,1.508
09/06/2019,1.511
10/06/2019,1.514
11/06/2019,1.52
12/06/2019,1.521
13/06/2019,1.523
14/06/2019,1.514
15/06/2019,1.514
16/06/2019,1.515
17/06/2019,1.52
18/06/2019,1.525
19/06/2019,1.528
20/06/2019,1.526
21/06/2019,1.53
22/06/2019,1.53
23/06/2019,1.526
24/06/2019,1.525
25/06/2019,1.532
26/06/2019,1.534
27/06/2019,1.532
28/06/2019,1.546
29/06/2019,1.547
30/06/2019,1.547
01/07/2019,1.551
02/07/2019,1.543
03/07/2019,1.54
04/07/2019,1.55
05/07/2019,1.553
06/07/2019,1.559
07/07/2019,1.561
08/07/2019,1.564
09/07/2019,1.557
10/07/2019,1.555
11/07/2019,1.565
12/07/2019,1.565
13/07/2019,1.567
14/07/2019,1.567
15/07/2019,1.565
16/07/2019,1.572
17/07/2019,1.573
18/07/2019,1.578
19/07/2019,1.576
20/07/2019,1.569
21/07/2019,1.571
22/07/2019,1.577
23/07/2019,1.575
24/07/2019,1.581
25/07/2019,1.59
26/07/2019,1.596
27/07/2019,1.595
28/07/2019,1.601
29/07/2019,1.602
30/07/2019,1.6
31/07/2019,1.597
01/08/2019,1.603
02/08/2019,1.599
03/08/2019,1.606
04/08/2019,1.608
05/08/2019,1.609
06/08/2019,1.613
07/08/2019,1.607
08/08/2019,1.615
09/08/2019,1.614
10/08/2019,1.618
11/08/2019,1.619
12/08/2019,1.62
13/08/2019,1.619
14/08/2019,1.616
15/08/2019,1.621
16/08/2019,1.621
17/08/2019,1.62
18/08/2019,1.622
19/08/2019,1.623
20/08/2019,1.622
21/08/2019,1.617
22/08/2019,1.626
23/08/2019,1.618
24/08/2019,1.617
25/08/2019,1.62
26/08/2019,1.62
27/08/2019,1.62
28/08/2019,1.623
29/08/2019,1.624
30/08/2019,1.627
31/08/2019,1.626
01/09/2019,1.628
02/09/2019,1.629
03/09/2019,1.629
04/09/2019,1.633
04/09/2019,1.63
04/09/2019,1.63
05/09/2019,1.624
06/09/2019,1.621
07/09/2019,1.624
08/09/2019,1.621
09/09/2019,1.63
10/09/2019,1.63
11/09/2019,1.631
12/09/2019,1.635
13/09/2019,1.636
14/09/2019,1.638
15/09/2019,1.633
16/09/2019,1.633
17/09/2019,1.629
18/09/2019,1.623
19/09/2019,1.626
20/09/2019,1.63
21/09/2019,1.632
22/09/2019,1.63
23/09/2019,1.631
24/09/2019,1.636
25/09/2019,1.633
26/09/2019,1.636
27/09/2019,1.637
28/09/2019,1.632
29/09/2019,1.636
30/09/2019,1.637
01/10/2019,1.636
02/10/2019,1.635
03/10/2019,1.636
04/10/2019,1.635
05/10/2019,1.638
06/10/2019,1.643
07/10/2019,1.642
08/10/2019,1.647
09/10/2019,1.644
10/10/2019,1.644
11/10/2019,1.644
12/10/2019,1.643
13/10/2019,1.645
14/10/2019,1.649
15/10/2019,1.65
16/10/2019,1.645
17/10/2019,1.643
18/10/2019,1.642
19/10/2019,1.643
20/10/2019,1.646
21/10/2019,1.645
22/10/2019,1.65
31/10/2019,1.647
01/11/2019,1.649
02/11/2019,1.642
03/11/2019,1.644
04/11/2019,1.647
05/11/2019,1.65
06/11/2019,1.654
07/11/2019,1.651
08/11/2019,1.651
09/11/2019,1.656
10/11/2019,1.657
11/11/2019,1.656
12/11/2019,1.655
13/11/2019,1.655
14/11/2019,1.654
15/11/2019,1.653
16/11/2019,1.651
17/11/2019,1.654
18/11/2019,1.651
19/11/2019,1.653
20/11/2019,1.659
21/11/2019,1.663
22/11/2019,1.662
23/11/2019,1.66
24/11/2019,1.66
25/11/2019,1.662
26/11/2019,1.668
27/11/2019,1.669
28/11/2019,1.661
29/11/2019,1.663
30/11/2019,1.663
01/12/2019,1.667
02/12/2019,1.666
03/12/2019,1.664
04/12/2019,1.67
05/12/2019,1.673
06/12/2019,1.673
07/12/2019,1.674
08/12/2019,1.676
09/12/2019,1.678
10/12/2019,1.678
11/12/2019,1.679
12/12/2019,1.673
13/12/2019,1.681
14/12/2019,1.683
15/12/2019,1.684
16/12/2019,1.68
17/12/2019,1.68
18/12/2019,1.683
19/12/2019,1.686
20/12/2019,1.689
21/12/2019,1.689
22/12/2019,1.69
23/12/2019,1.689
24/12/2019,1.691
25/12/2019,1.689
26/12/2019,1.689
27/12/2019,1.688
28/12/2019,1.685
29/12/2019,1.686
30/12/2019,1.687
31/12/2019,1.687
01/01/2020,1.696
02/01/2020,1.698
03/01/2020,1.701
04/01/2020,1.7
05/01/2020,1.701
06/01/2020,1.703
07/01/2020,1.703
08/01/2020,1.708
09/01/2020,1.711
10/01/2020,1.698
11/01/2020,1.696
12/01/2020,1.709
13/01/2020,1.697
14/01/2020,1.704
15/01/2020,1.707
16/01/2020,1.707
17/01/2020,1.714
18/01/2020,1.712
19/01/2020,1.712
20/01/2020,1.713
21/01/2020,1.712
22/01/2020,1.71
23/01/2020,1.704
24/01/2020,1.709
25/01/2020,1.714
26/01/2020,1.715
27/01/2020,1.718
28/01/2020,1.713
29/01/2020,1.715
30/01/2020,1.704
31/01/2020,1.706
01/02/2020,1.707
02/02/2020,1.711
03/02/2020,1.716
04/02/2020,1.715
05/02/2020,1.716
06/02/2020,1.715
07/02/2020,1.718
08/02/2020,1.719
09/02/2020,1.722
10/02/2020,1.723
11/02/2020,1.722
12/02/2020,1.733
13/02/2020,1.731
14/02/2020,1.73
15/02/2020,1.736
16/02/2020,1.739
17/02/2020,1.742
18/02/2020,1.742
19/02/2020,1.746
20/02/2020,1.736
21/02/2020,1.743
22/02/2020,1.751
23/02/2020,1.755
24/02/2020,1.755
25/02/2020,1.758
26/02/2020,1.761
27/02/2020,1.758
28/02/2020,1.763
29/02/2020,1.764
01/03/2020,1.764
02/03/2020,1.765
03/03/2020,1.768
04/03/2020,1.767
05/03/2020,1.763
06/03/2020,1.763
07/03/2020,1.766
08/03/2020,1.77
09/03/2020,1.771
10/03/2020,1.767
11/03/2020,1.776
12/03/2020,1.775
13/03/2020,1.78
14/03/2020,1.779
15/03/2020,1.773
16/03/2020,1.772
17/03/2020,1.783
18/03/2020,1.785
19/03/2020,1.782
20/03/2020,1.781
21/03/2020,1.784
22/03/2020,1.787
23/03/2020,1.788
24/03/2020,1.787
25/03/2020,1.794
26/03/2020,1.793
27/03/2020,1.791
28/03/2020,1.794
29/03/2020,1.794
30/03/2020,1.802
31/03/2020,1.803
01/04/2020,1.806
02/04/2020,1.799
03/04/2020,1.798
04/04/2020,1.797
05/04/2020,1.801
06/04/2020,1.803
07/04/2020,1.81
08/04/2020,1.813
09/04/2020,1.81
10/04/2020,1.815
11/04/2020,1.818
12/04/2020,1.82
13/04/2020,1.823
14/04/2020,1.824
15/04/2020,1.821
16/04/2020,1.825
16/04/2020,1.825
17/04/2020,1.829
18/04/2020,1.831
19/04/2020,1.833
20/04/2020,1.834
21/04/2020,1.835
22/04/2020,1.832
23/04/2020,1.835
24/04/2020,1.835
25/04/2020,1.837
26/04/2020,1.841
27/04/2020,1.841
28/04/2020,1.842
29/04/2020,1.841
30/04/2020,1.847
01/05/2020,1.846
02/05/2020,1.849
03/05/2020,1.848
04/05/2020,1.845
05/05/2020,1.852
06/05/2020,1.85
07/05/2020,1.85
08/05/2020,1.855
09/05/2020,1.856
10/05/2020,1.857
11/05/2020,1.86
12/05/2020,1.863
13/05/2020,1.862
14/05/2020,1.865
15/05/2020,1.866
16/05/2020,1.862
17/05/2020,1.87
18/05/2020,1.874
19/05/2020,1.875
20/05/2020,1.872
21/05/2020,1.874
22/05/2020,1.882
23/05/2020,1.884
24/05/2020,1.882
25/05/2020,1.885
26/05/2020,1.889
27/05/2020,1.886
28/05/2020,1.89
29/05/2020,1.891
30/05/2020,1.891
31/05/2020,1.891
01/06/2020,1.894
02/06/2020,1.895
03/06/2020,1.891
04/06/2020,1.893
05/06/2020,1.904
06/06/2020,1.907
07/06/2020,1.908
08/06/2020,1.909
09/06/2020,1.91
10/06/2020,1.904
11/06/2020,1.907
12/06/2020,1.911
13/06/2020,1.911
14/06/2020,1.912
15/06/2020,1.909
16/06/2020,1.913
17/06/2020,1.912
18/06/2020,1.916
19/06/2020,1.918
20/06/2020,1.919
21/06/2020,1.921
22/06/2020,1.918
23/06/2020,1.921
24/06/2020,1.918
25/06/2020,1.924
26/06/2020,1.924
27/06/2020,1.92
28/06/2020,1.921
29/06/2020,1.924
30/06/2020,1.929
01/07/2020,1.928
02/07/2020,1.932
03/07/2020,1.93
04/07/2020,1.932
05/07/2020,1.931
06/07/2020,1.936
07/07/2020,1.939
08/07/2020,1.939
09/07/2020,1.939
10/07/2020,1.942
11/07/2020,1.945
12/07/2020,1.943
13/07/2020,1.946
14/07/2020,1.95
15/07/2020,1.949
16/07/2020,1.948
17/07/2020,1.949
18/07/2020,1.951
19/07/2020,1.952
20/07/2020,1.955
21/07/2020,1.955
22/07/2020,1.955
22/07/2020,1.955
22/07/2020,1.955
23/07/2020,1.955
24/07/2020,1.96
25/07/2020,1.959
26/07/2020,1.96
27/07/2020,1.961
28/07/2020,1.964
29/07/2020,1.966
30/07/2020,1.965
31/07/2020,1.966
01/08/2020,1.97
02/08/2020,1.968
03/08/2020,1.97
04/08/2020,1.971
05/08/2020,1.966
06/08/2020,1.967
07/08/2020,1.969
08/08/2020,1.97
09/08/2020,1.973
10/08/2020,1.971
11/08/2020,1.971
12/08/2020,1.97
13/08/2020,1.971
14/08/2020,1.975
15/08/2020,1.975
16/08/2020,1.977
17/08/2020,1.977
18/08/2020,1.98
19/08/2020,1.979
20/08/2020,1.987
21/08/2020,1.984
22/08/2020,1.988
22/08/2020,1.987
23/08/2020,1.983
24/08/2020,1.986
25/08/2020,1.794
26/08/2020,1.67
27/08/2020,1.651
28/08/2020,1.641
29/08/2020,1.637
30/08/2020,1.637
31/08/2020,1.644
01/09/2020,1.647
02/09/2020,1.646
03/09/2020,1.66
04/09/2020,1.663
05/09/2020,1.669
06/09/2020,1.669
07/09/2020,1.671
08/09/2020,1.677
09/09/2020,1.672
10/09/2020,1.672
11/09/2020,1.676
12/09/2020,1.678
13/09/2020,1.681
14/09/2020,1.686
15/09/2020,1.693
16/09/2020,1.69
17/09/2020,1.691
18/09/2020,1.693
19/09/2020,1.697
20/09/2020,1.699
21/09/2020,1.702
22/09/2020,1.71
22/09/2020,1.712
22/09/2020,1.712
23/09/2020,1.712
24/09/2020,1.707
25/09/2020,1.709
26/09/2020,1.711
27/09/2020,1.711
28/09/2020,1.719
29/09/2020,1.723
30/09/2020,1.722
01/10/2020,1.723
02/10/2020,1.725
03/10/2020,1.727
04/10/2020,1.728
05/10/2020,1.726
06/10/2020,1.734
07/10/2020,1.736
08/10/2020,1.734
09/10/2020,1.734
10/10/2020,1.737
11/10/2020,1.737
12/10/2020,1.736
13/10/2020,1.741
14/10/2020,1.746
15/10/2020,1.744
16/10/2020,1.747
17/10/2020,1.747
18/10/2020,1.748
19/10/2020,1.75
20/10/2020,1.757
21/10/2020,1.758
22/10/2020,1.754
22/10/2020,1.755
23/10/2020,1.757
24/10/2020,1.759
25/10/2020,1.761
26/10/2020,1.765
27/10/2020,1.765
28/10/2020,1.773
29/10/2020,1.771
30/10/2020,1.771
31/10/2020,1.779
01/11/2020,1.78
02/11/2020,1.779
03/11/2020,1.779
04/11/2020,1.781
05/11/2020,1.779
06/11/2020,1.778
07/11/2020,1.778
08/11/2020,1.782
09/11/2020,1.784
10/11/2020,1.787
11/11/2020,1.788
12/11/2020,1.793
13/11/2020,1.793
14/11/2020,1.794
15/11/2020,1.796
16/11/2020,1.798
17/11/2020,1.797
18/11/2020,1.798
19/11/2020,1.795
20/11/2020,1.806
21/11/2020,1.804
22/11/2020,1.8
22/11/2020,1.8
23/11/2020,1.804
24/11/2020,1.805
25/11/2020,1.798
26/11/2020,1.796
27/11/2020,1.803
28/11/2020,1.802
29/11/2020,1.805
30/11/2020,1.799
01/12/2020,1.808
02/12/2020,1.803
03/12/2020,1.801
04/12/2020,1.805
05/12/2020,1.811
06/12/2020,1.807
07/12/2020,1.811
08/12/2020,1.816
09/12/2020,1.81
10/12/2020,1.813
11/12/2020,1.81
12/12/2020,1.812
13/12/2020,1.815
14/12/2020,1.818
15/12/2020,1.818
16/12/2020,1.819
17/12/2020,1.819
18/12/2020,1.824
19/12/2020,1.823
20/12/2020,1.821
21/12/2020,1.829
22/12/2020,1.831
22/12/2020,1.831
23/12/2020,1.822
24/12/2020,1.827
25/12/2020,1.827
26/12/2020,1.828
27/12/2020,1.83
28/12/2020,1.834
29/12/2020,1.834
30/12/2020,1.833
31/12/2020,1.837
01/01/2021,1.836
02/01/2021,1.837
03/01/2021,1.836
04/01/2021,1.838
05/01/2021,1.841
06/01/2021,1.839
07/01/2021,1.842
08/01/2021,1.841
09/01/2021,1.842
10/01/2021,1.84
11/01/2021,1.84
12/01/2021,1.846
13/01/2021,1.843
14/01/2021,1.84
15/01/2021,1.841
16/01/2021,1.844
17/01/2021,1.848
18/01/2021,1.849
19/01/2021,1.85
20/01/2021,1.847
21/01/2021,1.848
22/01/2021,1.855
22/01/2021,1.855
23/01/2021,1.856
24/01/2021,1.853
25/01/2021,1.854
26/01/2021,1.86
27/01/2021,1.861
27/01/2021,1.861
28/01/2021,1.857
29/01/2021,1.859
30/01/2021,1.86
31/01/2021,1.864
01/02/2021,1.863
02/02/2021,1.866
03/02/2021,1.86
04/02/2021,1.864
05/02/2021,1.868
06/02/2021,1.866
07/02/2021,1.865
08/02/2021,1.866
09/02/2021,1.865
10/02/2021,1.869
11/02/2021,1.866
12/02/2021,1.869
13/02/2021,1.87
14/02/2021,1.876
15/02/2021,1.88
16/02/2021,1.882
17/02/2021,1.881
18/02/2021,1.878
19/02/2021,1.881
20/02/2021,1.887
21/02/2021,1.881
22/02/2021,1.886
23/02/2021,1.888
24/02/2021,1.884
25/02/2021,1.886
26/02/2021,1.888
27/02/2021,1.888
27/02/2021,1.89
28/02/2021,1.889
01/03/2021,1.89
02/03/2021,1.892
03/03/2021,1.89
04/03/2021,1.889
05/03/2021,1.894
06/03/2021,1.888
07/03/2021,1.895
08/03/2021,1.895
09/03/2021,1.898
10/03/2021,1.895
11/03/2021,1.899
12/03/2021,1.896
13/03/2021,1.898
14/03/2021,1.901
15/03/2021,1.905
16/03/2021,1.907
17/03/2021,1.904
18/03/2021,1.902
19/03/2021,1.905
20/03/2021,1.912
21/03/2021,1.909
22/03/2021,1.915
22/03/2021,1.915
23/03/2021,1.915
24/03/2021,1.913
25/03/2021,1.913
26/03/2021,1.92
26/03/2021,1.92
27/03/2021,1.919
28/03/2021,1.918
29/03/2021,1.923
30/03/2021,1.923
31/03/2021,1.922
01/04/2021,1.919
02/04/2021,1.919
03/04/2021,1.92
04/04/2021,1.921
05/04/2021,1.923
06/04/2021,1.928
07/04/2021,1.929
08/04/2021,1.93
09/04/2021,1.931
10/04/2021,1.931
11/04/2021,1.934
12/04/2021,1.938
13/04/2021,1.938
14/04/2021,1.935
15/04/2021,1.935
16/04/2021,1.937
17/04/2021,1.939
18/04/2021,1.941
19/04/2021,1.948
20/04/2021,1.951
21/04/2021,1.949
22/04/2021,1.953
22/04/2021,1.953
23/04/2021,1.951
24/04/2021,1.957
25/04/2021,1.959
26/04/2021,1.96
27/04/2021,1.964
27/04/2021,1.958
27/04/2021,1.958
28/04/2021,1.966
29/04/2021,1.965
30/04/2021,1.965
01/05/2021,1.966
02/05/2021,1.969
03/05/2021,1.972
04/05/2021,1.972
05/05/2021,1.975
06/05/2021,1.979
06/05/2021,1.979
07/05/2021,1.976
08/05/2021,1.977
09/05/2021,1.977
10/05/2021,1.979
11/05/2021,1.979
12/05/2021,1.979
13/05/2021,1.986
14/05/2021,1.985
15/05/2021,1.988
16/05/2021,1.988
17/05/2021,1.99
18/05/2021,1.991
19/05/2021,1.987
20/05/2021,1.993
21/05/2021,1.992
22/05/2021,1.992
22/05/2021,1.992
23/05/2021,1.997
24/05/2021,2.0
25/05/2021,2.001
26/05/2021,2.002
27/05/2021,2.002
28/05/2021,1.998
29/05/2021,1.997
30/05/2021,2.0
31/05/2021,2.003
01/06/2021,2.004
02/06/2021,2.0
03/06/2021,2.001
04/06/2021,2.006
05/06/2021,2.008
06/06/2021,2.007
07/06/2021,2.01
08/06/2021,2.01
09/06/2021,2.011
10/06/2021,2.013
11/06/2021,2.02
12/06/2021,2.015
13/06/2021,2.017
14/06/2021,2.018
15/06/2021,2.019
16/06/2021,2.017
17/06/2021,2.016
18/06/2021,2.023
19/06/2021,2.025
20/06/2021,2.028
21/06/2021,2.025
22/06/2021,2.024
23/06/2021,2.024
24/06/2021,2.03
24/06/2021,2.031
25/06/2021,2.028
26/06/2021,2.03
27/06/2021,2.028
27/06/2021,2.028
28/06/2021,2.033
29/06/2021,2.036
30/06/2021,2.033
01/07/2021,2.037
02/07/2021,2.036
03/07/2021,2.037
04/07/2021,2.035
05/07/2021,2.04
06/07/2021,2.04
07/07/2021,2.035
08/07/2021,2.037
09/07/2021,2.044
10/07/2021,2.04
11/07/2021,2.041
12/07/2021,2.043
13/07/2021,2.043
14/07/2021,2.036
15/07/2021,2.038
16/07/2021,2.043
17/07/2021,2.045
18/07/2021,2.046
19/07/2021,2.043
20/07/2021,2.044
21/07/2021,2.045
22/07/2021,2.048
22/07/2021,2.048
23/07/2021,2.047
24/07/2021,2.046
25/07/2021,2.046
26/07/2021,2.047
27/07/2021,2.049
28/07/2021,2.046
29/07/2021,2.052
30/07/2021,2.05
31/07/2021,2.053
01/08/2021,2.051
02/08/2021,2.053
03/08/2021,2.053
04/08/2021,2.048
05/08/2021,2.049
06/08/2021,2.049
07/08/2021,2.053
08/08/2021,2.05
09/08/2021,2.054
10/08/2021,2.054
11/08/2021,2.052
12/08/2021,2.056
13/08/2021,2.052
14/08/2021,2.054
15/08/2021,2.057
16/08/2021,2.057
17/08/2021,2.058
18/08/2021,2.056
19/08/2021,2.057
20/08/2021,2.056
21/08/2021,2.057
22/08/2021,2.057
23/08/2021,2.059
23/08/2021,2.059
24/08/2021,2.057
25/08/2021,2.056
26/08/2021,2.061
27/08/2021,2.063
28/08/2021,2.063
29/08/2021,2.063
30/08/2021,2.061
31/08/2021,2.061
01/09/2021,2.059
02/09/2021,2.059
03/09/2021,2.059
04/09/2021,2.059
05/09/2021,2.058
06/09/2021,2.061
07/09/2021,2.063
08/09/2021,2.063
09/09/2021,2.062
10/09/2021,2.063
11/09/2021,2.061
12/09/2021,2.064
13/09/2021,2.064
14/09/2021,2.065
15/09/2021,2.063
16/09/2021,2.062
17/09/2021,2.062
18/09/2021,2.062
19/09/2021,2.062
20/09/2021,2.064
21/09/2021,2.067
22/09/2021,2.062
22/09/2021,2.063
23/09/2021,2.059
24/09/2021,2.064
25/09/2021,2.064
26/09/2021,2.065
27/09/2021,2.066
28/09/2021,2.064
29/09/2021,2.062
30/09/2021,2.064
01/10/2021,2.064
02/10/2021,2.063
03/10/2021,2.063
04/10/2021,2.063
05/10/2021,2.067
06/10/2021,2.066
07/10/2021,2.064
08/10/2021,2.067
09/10/2021,2.065
10/10/2021,2.066
11/10/2021,2.065
12/10/2021,2.068
13/10/2021,2.064
14/10/2021,2.063
14/10/2021,2.063
15/10/2021,2.067
16/10/2021,2.067
17/10/2021,2.071
18/10/2021,2.071
19/10/2021,2.071
20/10/2021,2.073
21/10/2021,2.069
22/10/2021,2.072
22/10/2021,2.073
23/10/2021,2.068
24/10/2021,2.071
25/10/2021,2.069
25/10/2021,2.069
26/10/2021,2.071
27/10/2021,2.077
28/10/2021,2.075
29/10/2021,2.07
30/10/2021,2.071
31/10/2021,2.071
01/11/2021,2.071
02/11/2021,2.074
03/11/2021,2.072
04/11/2021,2.071
05/11/2021,2.076
06/11/2021,2.075
07/11/2021,2.074
08/11/2021,2.075
09/11/2021,2.075
10/11/2021,2.075
11/11/2021,2.075
12/11/2021,2.074
13/11/2021,2.074
14/11/2021,2.075
15/11/2021,2.077
15/11/2021,2.077
16/11/2021,2.077
17/11/2021,2.076
18/11/2021,2.078
19/11/2021,2.078
20/11/2021,2.08
21/11/2021,2.079
22/11/2021,2.079
22/11/2021,2.081
23/11/2021,2.079
24/11/2021,2.079
25/11/2021,2.078
26/11/2021,2.078
27/11/2021,2.075
27/11/2021,2.075
28/11/2021,2.077
29/11/2021,2.078
30/11/2021,2.081
01/12/2021,2.08
02/12/2021,2.082
03/12/2021,2.081
04/12/2021,2.082
05/12/2021,2.083
06/12/2021,2.081
07/12/2021,2.081
08/12/2021,2.079
09/12/2021,2.082
10/12/2021,2.081
11/12/2021,2.082
12/12/2021,2.083
13/12/2021,2.083
14/12/2021,2.085
15/12/2021,2.087
15/12/2021,2.087
16/12/2021,2.087
17/12/2021,2.088
18/12/2021,2.085
19/12/2021,2.085
20/12/2021,2.085
21/12/2021,2.084
22/12/2021,2.083
23/12/2021,2.085
24/12/2021,2.085
24/12/2021,2.085
25/12/2021,2.083
26/12/2021,2.083
27/12/2021,2.085
28/12/2021,2.086
29/12/2021,2.082
30/12/2021,2.087
31/12/2021,2.084
01/01/2022,2.086
02/01/2022,2.089
03/01/2022,2.088
04/01/2022,2.086
05/01/2022,2.085
06/01/2022,2.086
07/01/2022,2.088
08/01/2022,2.088
09/01/2022,2.087
10/01/2022,2.087
11/01/2022,2.09
12/01/2022,2.089
13/01/2022,2.087
14/01/2022,2.087
15/01/2022,2.089
16/01/2022,2.091
16/01/2022,2.092
17/01/2022,2.093
18/01/2022,2.093
19/01/2022,2.091
20/01/2022,2.094
21/01/2022,2.09
22/01/2022,2.094
23/01/2022,2.088
24/01/2022,2.093
25/01/2022,2.092
26/01/2022,2.095
27/01/2022,2.094
27/01/2022,2.095
28/01/2022,2.096
29/01/2022,2.097
30/01/2022,2.097
31/01/2022,2.098
01/02/2022,2.097
02/02/2022,2.097
03/02/2022,2.096
04/02/2022,2.098
05/02/2022,2.1
06/02/2022,2.098
07/02/2022,2.098
08/02/2022,2.101
09/02/2022,2.098
10/02/2022,2.098
11/02/2022,2.103
11/02/2022,2.103
12/02/2022,2.102
13/02/2022,2.1
14/02/2022,2.104
15/02/2022,2.103
16/02/2022,2.104
17/02/2022,2.1
18/02/2022,2.101
19/02/2022,2.102
20/02/2022,2.106
21/02/2022,2.103
22/02/2022,2.106
23/02/2022,2.106
24/02/2022,2.104
25/02/2022,2.106
26/02/2022,2.108
27/02/2022,2.109
27/02/2022,2.109
28/02/2022,2.106
01/03/2022,2.109
02/03/2022,2.109
03/03/2022,2.107
04/03/2022,2.108
05/03/2022,2.111
06/03/2022,2.107
07/03/2022,2.107
08/03/2022,2.112
09/03/2022,2.111
10/03/2022,2.11
10/03/2022,2.111
11/03/2022,2.11
12/03/2022,2.112
13/03/2022,2.112
14/03/2022,2.108
15/03/2022,2.113
16/03/2022,2.104
17/03/2022,2.091
18/03/2022,2.081
19/03/2022,2.067
20/03/2022,2.066
21/03/2022,2.061
22/03/2022,2.057
23/03/2022,2.054
24/03/2022,2.053
25/03/2022,2.053
26/03/2022,2.051
26/03/2022,2.051
27/03/2022,2.05
28/03/2022,2.051
29/03/2022,2.049
30/03/2022,2.046
31/03/2022,2.049
01/04/2022,2.049
02/04/2022,2.049
03/04/2022,2.053
04/04/2022,2.053
05/04/2022,2.055
06/04/2022,2.054
07/04/2022,2.054
08/04/2022,2.057
09/04/2022,2.057
09/04/2022,2.058
10/04/2022,2.059
11/04/2022,2.059
12/04/2022,2.063
13/04/2022,2.063
14/04/2022,2.066
15/04/2022,2.073
16/04/2022,2.068
17/04/2022,2.073
18/04/2022,2.075
19/04/2022,2.076
20/04/2022,2.081
21/04/2022,2.082
22/04/2022,2.081
23/04/2022,2.083
24/04/2022,2.085
25/04/2022,2.086
26/04/2022,2.086
27/04/2022,2.087
28/04/2022,2.089
28/04/2022,2.086
28/04/2022,2.085
29/04/2022,2.091
30/04/2022,2.092
30/04/2022,2.091
01/05/2022,2.09
02/05/2022,2.092
03/05/2022,2.096
04/05/2022,2.097
05/05/2022,2.097
06/05/2022,2.098
07/05/2022,2.098
08/05/2022,2.1
08/05/2022,2.1
09/05/2022,2.102
10/05/2022,2.106
11/05/2022,2.104
12/05/2022,2.104
13/05/2022,2.105
14/05/2022,2.106
15/05/2022,2.107
16/05/2022,2.109
17/05/2022,2.11
18/05/2022,2.108
19/05/2022,2.109
20/05/2022,2.112
21/05/2022,2.112
22/05/2022,2.114
23/05/2022,2.111
24/05/2022,2.111
25/05/2022,2.115
26/05/2022,2.113
27/05/2022,2.114
28/05/2022,2.117
28/05/2022,2.114
28/05/2022,2.116
29/05/2022,2.115
30/05/2022,2.115
31/05/2022,2.115
01/06/2022,2.116
02/06/2022,2.119
03/06/2022,2.122
04/06/2022,2.123
05/06/2022,2.122
06/06/2022,2.12
07/06/2022,2.119
08/06/2022,2.118
09/06/2022,2.12
10/06/2022,2.125
11/06/2022,2.125
11/06/2022,2.122
11/06/2022,2.122
12/06/2022,2.123
13/06/2022,2.124
14/06/2022,2.125
15/06/2022,2.124
16/06/2022,2.126
17/06/2022,2.127
18/06/2022,2.128
19/06/2022,2.128
20/06/2022,2.13
21/06/2022,2.128
22/06/2022,2.129
23/06/2022,2.132
24/06/2022,2.133
25/06/2022,2.131
26/06/2022,2.131
26/06/2022,2.133
26/06/2022,2.131
27/06/2022,2.133
28/06/2022,2.131
29/06/2022,2.133
30/06/2022,2.132
01/07/2022,2.135
02/07/2022,2.133
03/07/2022,2.135
04/07/2022,2.135
05/07/2022,2.136
06/07/2022,2.132
07/07/2022,2.136
08/07/2022,2.135
09/07/2022,2.134
10/07/2022,2.135
11/07/2022,2.137
12/07/2022,2.142
12/07/2022,2.141
13/07/2022,2.136
14/07/2022,2.137
15/07/2022,2.14
16/07/2022,2.143
17/07/2022,2.143
18/07/2022,2.145
19/07/2022,2.143
20/07/2022,2.143
21/07/2022,2.142
22/07/2022,2.142
23/07/2022,2.142
24/07/2022,2.143
25/07/2022,2.145
25/07/2022,2.144
25/07/2022,2.145
26/07/2022,2.144
27/07/2022,2.142
28/07/2022,2.142
29/07/2022,2.146
30/07/2022,2.146
30/07/2022,2.143
30/07/2022,2.144
31/07/2022,2.145
01/08/2022,2.145
02/08/2022,2.142
03/08/2022,2.143
04/08/2022,2.145
05/08/2022,2.148
06/08/2022,2.148
07/08/2022,2.145
08/08/2022,2.149
09/08/2022,2.148
10/08/2022,2.149
11/08/2022,2.149
12/08/2022,2.15
12/08/2022,2.15
13/08/2022,2.151
14/08/2022,2.151
15/08/2022,2.151
16/08/2022,2.151
17/08/2022,2.149
18/08/2022,2.154
18/08/2022,2.154
19/08/2022,2.154
20/08/2022,2.156
21/08/2022,2.155
22/08/2022,2.155
23/08/2022,2.156
24/08/2022,2.155
25/08/2022,2.158
26/08/2022,2.158
27/08/2022,2.158
28/08/2022,2.162
28/08/2022,2.16
28/08/2022,2.156
29/08/2022,2.158
30/08/2022,2.16
31/08/2022,2.157
01/09/2022,2.157
02/09/2022,2.158
03/09/2022,2.158
04/09/2022,2.159
05/09/2022,2.16
06/09/2022,2.16
06/09/2022,2.161
07/09/2022,2.16
07/09/2022,2.159
08/09/2022,2.161
08/09/2022,2.161
09/09/2022,2.162
09/09/2022,2.162
10/09/2022,2.162
10/09/2022,2.163
11/09/2022,2.162
11/09/2022,2.162
11/09/2022,2.163
12/09/2022,2.16
12/09/2022,2.161
13/09/2022,2.166
13/09/2022,2.165
14/09/2022,2.165
14/09/2022,2.164
15/09/2022,2.164
15/09/2022,2.163
16/09/2022,2.167
16/09/2022,2.166
17/09/2022,2.167
17/09/2022,2.168
18/09/2022,2.167
18/09/2022,2.167
19/09/2022,2.168
19/09/2022,2.168
20/09/2022,2.167
20/09/2022,2.167
21/09/2022,2.168
21/09/2022,2.168
22/09/2022,2.166
22/09/2022,2.166
23/09/2022,2.17
23/09/2022,2.17
24/09/2022,2.168
24/09/2022,2.165
24/09/2022,2.168
24/09/2022,2.165
25/09/2022,2.17
25/09/2022,2.169
26/09/2022,2.17
26/09/2022,2.17
27/09/2022,2.17
27/09/2022,2.17
28/09/2022,2.171
28/09/2022,2.171
29/09/2022,2.173
29/09/2022,2.172
30/09/2022,2.172
01/10/2022,2.175
02/10/2022,2.175
03/10/2022,2.175
04/10/2022,2.173
05/10/2022,2.173
06/10/2022,2.176
07/10/2022,2.175
08/10/2022,2.176
09/10/2022,2.176
10/10/2022,2.175
11/10/2022,2.175
12/10/2022,2.175
12/10/2022,2.174
13/10/2022,2.175
14/10/2022,2.177
15/10/2022,2.177
16/10/2022,2.176
17/10/2022,2.176
18/10/2022,2.177
19/10/2022,2.176
20/10/2022,2.175
20/10/2022,2.176
21/10/2022,2.176
22/10/2022,2.177
23/10/2022,2.177
24/10/2022,2.176
25/10/2022,2.176
26/10/2022,2.176
27/10/2022,2.176
28/10/2022,2.177
29/10/2022,2.176
30/10/2022,2.176
31/10/2022,2.179
31/10/2022,2.179
31/10/2022,2.178
01/11/2022,2.178
02/11/2022,2.175
03/11/2022,2.175
04/11/2022,2.176
05/11/2022,2.176
05/11/2022,2.177
06/11/2022,2.176
07/11/2022,2.177
08/11/2022,2.176
09/11/2022,2.175
10/11/2022,2.175
11/11/2022,2.178
12/11/2022,2.18
12/11/2022,2.178
13/11/2022,2.181
14/11/2022,2.181
15/11/2022,2.184
16/11/2022,2.183
17/11/2022,2.183
18/11/2022,2.181
19/11/2022,2.179
20/11/2022,2.179
20/11/2022,2.179
21/11/2022,2.179
22/11/2022,2.179
23/11/2022,2.178
24/11/2022,2.179
25/11/2022,2.178
26/11/2022,2.178
27/11/2022,2.18
28/11/2022,2.181
28/11/2022,2.18
29/11/2022,2.178
30/11/2022,2.178
01/12/2022,2.18
02/12/2022,2.179
03/12/2022,2.179
04/12/2022,2.181
05/12/2022,2.182
05/12/2022,2.184
06/12/2022,2.182
07/12/2022,2.182
08/12/2022,2.182
09/12/2022,2.183
10/12/2022,2.182
11/12/2022,2.183
11/12/2022,2.181
12/12/2022,2.182
13/12/2022,2.183
14/12/2022,2.183
15/12/2022,2.18
16/12/2022,2.18
17/12/2022,2.18
18/12/2022,2.18
19/12/2022,2.182
20/12/2022,2.185
20/12/2022,2.183
21/12/2022,2.182
22/12/2022,2.184
23/12/2022,2.184
24/12/2022,2.185
25/12/2022,2.183
26/12/2022,2.183
27/12/2022,2.188
28/12/2022,2.188
29/12/2022,2.189
30/12/2022,2.188
30/12/2022,2.188
31/12/2022,2.19
01/01/2023,2.19
02/01/2023,2.19
03/01/2023,2.19
04/01/2023,2.191
05/01/2023,2.192
05/01/2023,2.189
06/01/2023,2.192
07/01/2023,2.193
08/01/2023,2.194
09/01/2023,2.194
10/01/2023,2.195
11/01/2023,2.196
12/01/2023,2.193
13/01/2023,2.192
13/01/2023,2.194
14/01/2023,2.194
15/01/2023,2.194
16/01/2023,2.194
17/01/2023,2.194
18/01/2023,2.194
19/01/2023,2.194
20/01/2023,2.194
21/01/2023,2.195
22/01/2023,2.195
23/01/2023,2.194
24/01/2023,2.194
25/01/2023,2.197
26/01/2023,2.197
27/01/2023,2.197
28/01/2023,2.198
28/01/2023,2.198
29/01/2023,2.197
29/01/2023,2.198
30/01/2023,2.197
31/01/2023,2.199
01/02/2023,2.199
02/02/2023,2.199
03/02/2023,2.199
04/02/2023,2.195
05/02/2023,2.175
06/02/2023,2.149
06/02/2023,2.148
07/02/2023,2.123
08/02/2023,2.099
09/02/2023,2.077
09/02/2023,2.076
10/02/2023,2.063
11/02/2023,2.054
12/02/2023,2.048
13/02/2023,2.044
14/02/2023,2.041
15/02/2023,2.04
16/02/2023,2.04
17/02/2023,2.038
18/02/2023,2.042
19/02/2023,2.042
20/02/2023,2.041
20/02/2023,2.04
21/02/2023,2.042
22/02/2023,2.045
23/02/2023,2.046
24/02/2023,2.046
25/02/2023,2.048
25/02/2023,2.047
26/02/2023,2.047
26/02/2023,2.044
27/02/2023,2.049
28/02/2023,2.05
01/03/2023,2.051
02/03/2023,2.051
03/03/2023,2.052
04/03/2023,2.053
05/03/2023,2.055
05/03/2023,2.054
06/03/2023,2.059
07/03/2023,2.059
08/03/2023,2.062
09/03/2023,2.061
10/03/2023,2.062
11/03/2023,2.065
12/03/2023,2.064
13/03/2023,2.065
14/03/2023,2.065
14/03/2023,2.07
15/03/2023,2.065
15/03/2023,2.064
16/03/2023,2.065
17/03/2023,2.068
18/03/2023,2.067
19/03/2023,2.07
20/03/2023,2.072
20/03/2023,2.072
21/03/2023,2.073
22/03/2023,2.076
23/03/2023,2.071
24/03/2023,2.064
25/03/2023,2.061
26/03/2023,2.06
26/03/2023,2.058
27/03/2023,2.057
28/03/2023,2.057
29/03/2023,2.057
30/03/2023,2.058
30/03/2023,2.058
31/03/2023,2.059
31/03/2023,2.057
01/04/2023,2.056
02/04/2023,2.055
03/04/2023,2.053
04/04/2023,2.048
05/04/2023,2.046
06/04/2023,2.039
07/04/2023,2.037
07/04/2023,2.038
08/04/2023,2.038
09/04/2023,2.038
10/04/2023,2.038
11/04/2023,2.039
12/04/2023,2.039
12/04/2023,2.038
13/04/2023,2.04
14/04/2023,2.043
15/04/2023,2.044
16/04/2023,2.047
17/04/2023,2.049
18/04/2023,2.052
19/04/2023,2.056
20/04/2023,2.06
20/04/2023,2.06
21/04/2023,2.063
22/04/2023,2.065
23/04/2023,2.068
24/04/2023,2.07
25/04/2023,2.072
26/04/2023,2.074
27/04/2023,2.074
28/04/2023,2.076
28/04/2023,2.073
29/04/2023,2.078
30/04/2023,2.081
01/05/2023,2.082
02/05/2023,2.083
03/05/2023,2.085
04/05/2023,2.086
05/05/2023,2.086
05/05/2023,2.088
06/05/2023,2.086
07/05/2023,2.089
08/05/2023,2.098
08/05/2023,2.094
09/05/2023,2.096
10/05/2023,2.096
11/05/2023,2.1
12/05/2023,2.101
13/05/2023,2.099
14/05/2023,2.103
15/05/2023,2.106
16/05/2023,2.106
17/05/2023,2.11
18/05/2023,2.111
19/05/2023,2.112
20/05/2023,2.11
20/05/2023,2.111
21/05/2023,2.113
22/05/2023,2.116
23/05/2023,2.115
24/05/2023,2.115
25/05/2023,2.118
26/05/2023,2.121
26/05/2023,2.126
27/05/2023,2.123
28/05/2023,2.125
28/05/2023,2.126
29/05/2023,2.125
30/05/2023,2.127
31/05/2023,2.13
01/06/2023,2.13
02/06/2023,2.133
03/06/2023,2.133
04/06/2023,2.135
05/06/2023,2.137
05/06/2023,2.139
06/06/2023,2.138
07/06/2023,2.14
08/06/2023,2.144
09/06/2023,2.144
10/06/2023,2.144
11/06/2023,2.145
12/06/2023,2.146
13/06/2023,2.149
14/06/2023,2.153
15/06/2023,2.153
16/06/2023,2.154
17/06/2023,2.156
18/06/2023,2.158
19/06/2023,2.161
20/06/2023,2.162
20/06/2023,2.163
21/06/2023,2.161
22/06/2023,2.163
23/06/2023,2.164
23/06/2023,2.164
24/06/2023,2.166
25/06/2023,2.167
26/06/2023,2.168
26/06/2023,2.169
27/06/2023,2.169
28/06/2023,2.172
29/06/2023,2.17
30/06/2023,2.169
01/07/2023,2.172
02/07/2023,2.174
03/07/2023,2.175
04/07/2023,2.177
05/07/2023,2.178
06/07/2023,2.178
07/07/2023,2.179
08/07/2023,2.179
08/07/2023,2.18
09/07/2023,2.18
10/07/2023,2.183
11/07/2023,2.181
12/07/2023,2.186
13/07/2023,2.183
14/07/2023,2.186
15/07/2023,2.187
16/07/2023,2.188
17/07/2023,2.187
18/07/2023,2.188
19/07/2023,2.19
20/07/2023,2.189
20/07/2023,2.19
21/07/2023,2.19
22/07/2023,2.19
22/07/2023,2.189
23/07/2023,2.189
24/07/2023,2.19
25/07/2023,2.19
26/07/2023,2.193
27/07/2023,2.191
28/07/2023,2.192
29/07/2023,2.19
30/07/2023,2.191
31/07/2023,2.193
31/07/2023,2.194
01/08/2023,2.192
02/08/2023,2.193
03/08/2023,2.192
04/08/2023,2.193
05/08/2023,2.194
05/08/2023,2.195
06/08/2023,2.197
06/08/2023,2.195
07/08/2023,2.194
08/08/2023,2.194
09/08/2023,2.197
10/08/2023,2.195
11/08/2023,2.195
12/08/2023,2.196
13/08/2023,2.197
14/08/2023,2.198
15/08/2023,2.198
16/08/2023,2.199
17/08/2023,2.198
18/08/2023,2.199
19/08/2023,2.2
20/08/2023,2.2
20/08/2023,2.2
21/08/2023,2.199
22/08/2023,2.199
23/08/2023,2.2
24/08/2023,2.201
25/08/2023,2.203
25/08/2023,2.202
26/08/2023,2.203
27/08/2023,2.204
28/08/2023,2.204
29/08/2023,2.206
30/08/2023,2.205
31/08/2023,2.204
01/09/2023,2.203
02/09/2023,2.204
03/09/2023,2.204
04/09/2023,2.207
05/09/2023,2.208
05/09/2023,2.209
06/09/2023,2.208
07/09/2023,2.208
08/09/2023,2.21
09/09/2023,2.21
10/09/2023,2.21
11/09/2023,2.211
12/09/2023,2.212
13/09/2023,2.214
14/09/2023,2.213
15/09/2023,2.213
16/09/2023,2.213
17/09/2023,2.215
18/09/2023,2.214
19/09/2023,2.215
20/09/2023,2.217
21/09/2023,2.216
22/09/2023,2.216
23/09/2023,2.215
23/09/2023,2.215
24/09/2023,2.214
25/09/2023,2.217
26/09/2023,2.215
27/09/2023,2.215
28/09/2023,2.217
29/09/2023,2.217
30/09/2023,2.218
01/10/2023,2.217
02/10/2023,2.219
03/10/2023,2.218
04/10/2023,2.22
05/10/2023,2.22
06/10/2023,2.221
07/10/2023,2.221
07/10/2023,2.219
08/10/2023,2.221
09/10/2023,2.222
10/10/2023,2.222
11/10/2023,2.223
12/10/2023,2.223
13/10/2023,2.225
14/10/2023,2.225
15/10/2023,2.225
16/10/2023,2.225
17/10/2023,2.225
18/10/2023,2.227
19/10/2023,2.226
20/10/2023,2.226
20/10/2023,2.227
21/10/2023,2.227
22/10/2023,2.224
23/10/2023,2.226
24/10/2023,2.225
25/10/2023,2.224
26/10/2023,2.224
27/10/2023,2.224
28/10/2023,2.226
28/10/2023,2.227
29/10/2023,2.226
30/10/2023,2.226
31/10/2023,2.228
01/11/2023,2.23
02/11/2023,2.23
03/11/2023,2.23
04/11/2023,2.231
05/11/2023,2.231
05/11/2023,2.231
06/11/2023,2.231
07/11/2023,2.232
08/11/2023,2.232
09/11/2023,2.232
10/11/2023,2.232
11/11/2023,2.233
12/11/2023,2.233
13/11/2023,2.234
14/11/2023,2.234
15/11/2023,2.235
16/11/2023,2.233
17/11/2023,2.235
18/11/2023,2.235
19/11/2023,2.235
20/11/2023,2.235
20/11/2023,2.234
21/11/2023,2.236
22/11/2023,2.235
23/11/2023,2.235
24/11/2023,2.236
25/11/2023,2.235
26/11/2023,2.236
26/11/2023,2.236
27/11/2023,2.237
28/11/2023,2.238
29/11/2023,2.239
30/11/2023,2.238
01/12/2023,2.239
02/12/2023,2.239
03/12/2023,2.239
04/12/2023,2.24
05/12/2023,2.24
05/12/2023,2.242
06/12/2023,2.241
07/12/2023,2.241
08/12/2023,2.241
09/12/2023,2.241
10/12/2023,2.241
11/12/2023,2.242
11/12/2023,2.237
12/12/2023,2.243
13/12/2023,2.243
14/12/2023,2.242
15/12/2023,2.242
16/12/2023,2.243
17/12/2023,2.243
18/12/2023,2.245
19/12/2023,2.243
20/12/2023,2.242
21/12/2023,2.244
22/12/2023,2.246
22/12/2023,2.244
23/12/2023,2.245
24/12/2023,2.245
25/12/2023,2.245
26/12/2023,2.245
27/12/2023,2.246
28/12/2023,2.247
29/12/2023,2.247
30/12/2023,2.248
31/12/2023,2.248
01/01/2024,2.248
02/01/2024,2.249
03/01/2024,2.25
04/01/2024,2.25
05/01/2024,2.25
05/01/2024,2.248
06/01/2024,2.25
07/01/2024,2.25
07/01/2024,2.25
08/01/2024,2.249
09/01/2024,2.249
10/01/2024,
11/01/2024,
12/01/2024,
13/01/2024,
14/01/2024,
15/01/2024,2.247
16/01/2024,2.249
17/01/2024,2.248
18/01/2024,2.249
19/01/2024,2.249
20/01/2024,2.249
20/01/2024,2.251
21/01/2024,2.249
22/01/2024,2.25
23/01/2024,
24/01/2024,2.25
25/01/2024,2.252
26/01/2024,2.251
27/01/2024,2.252
28/01/2024,2.252
29/01/2024,2.254
30/01/2024,2.254
31/01/2024,2.255
01/02/2024,2.255
02/02/2024,2.256
03/02/2024,2.255
04/02/2024,2.255
05/02/2024,2.256
06/02/2024,2.256
06/02/2024,2.256
07/02/2024,2.256
08/02/2024,2.254
09/02/2024,2.255
10/02/2024,2.258
10/02/2024,2.256
11/02/2024,2.258
12/02/2024,2.257
13/02/2024,2.257
14/02/2024,2.258
15/02/2024,2.258
16/02/2024,2.258
17/02/2024,2.257
18/02/2024,2.258
19/02/2024,2.259
20/02/2024,2.259
20/02/2024,2.259
21/02/2024,2.26
22/02/2024,2.26
23/02/2024,2.261
24/02/2024,2.262
25/02/2024,2.265
25/02/2024,2.264
26/02/2024,2.262
27/02/2024,2.262
28/02/2024,2.263
29/02/2024,2.264
01/03/2024,2.264
02/03/2024,2.264
03/03/2024,2.264
04/03/2024,2.265
05/03/2024,2.265
05/03/2024,2.266
06/03/2024,2.267
07/03/2024,2.265
08/03/2024,2.266
09/03/2024,2.268
09/03/2024,2.266
10/03/2024,2.267
11/03/2024,2.267
12/03/2024,2.268
13/03/2024,2.268
14/03/2024,2.269
15/03/2024,2.269
16/03/2024,2.269
17/03/2024,2.269
18/03/2024,2.27
19/03/2024,2.272
20/03/2024,2.273
21/03/2024,2.272
22/03/2024,2.272
23/03/2024,2.272
23/03/2024,2.273
23/03/2024,2.272
24/03/2024,2.272
25/03/2024,2.273
26/03/2024,2.275
27/03/2024,2.275
28/03/2024,2.275
29/03/2024,2.275
30/03/2024,2.275
31/03/2024,2.276
01/04/2024,2.277
02/04/2024,2.276
03/04/2024,2.277
04/04/2024,2.278
05/04/2024,2.276
05/04/2024,2.277
06/04/2024,2.277
07/04/2024,2.276
08/04/2024,2.279
09/04/2024,2.278
10/04/2024,2.278
11/04/2024,2.28
12/04/2024,2.279
13/04/2024,2.28
13/04/2024,2.278
14/04/2024,2.279
15/04/2024,2.28
16/04/2024,2.282
17/04/2024,2.284
18/04/2024,2.284
19/04/2024,2.284
20/04/2024,2.285
20/04/2024,2.288
21/04/2024,2.285
22/04/2024,2.286
23/04/2024,2.287
24/04/2024,2.288
25/04/2024,2.286
26/04/2024,2.287
27/04/2024,2.287
27/04/2024,2.286
28/04/2024,2.287
29/04/2024,2.288
30/04/2024,2.289
01/05/2024,2.288
02/05/2024,2.289
03/05/2024,2.289
04/05/2024,2.287
05/05/2024,2.289
05/05/2024,2.292
06/05/2024,2.289
07/05/2024,2.289
08/05/2024,2.29
09/05/2024,2.291
10/05/2024,2.291
11/05/2024,2.292
11/05/2024,2.291
12/05/2024,2.292
13/05/2024,2.293
14/05/2024,2.293
15/05/2024,2.294
16/05/2024,2.294
17/05/2024,2.296
18/05/2024,2.297
19/05/2024,2.297
20/05/2024,2.298
20/05/2024,2.302
21/05/2024,2.298
22/05/2024,2.299
23/05/2024,2.3
24/05/2024,2.3
24/05/2024,2.298
25/05/2024,2.3
26/05/2024,2.301
27/05/2024,2.302
28/05/2024,2.303
29/05/2024,2.305
30/05/2024,2.302
31/05/2024,2.302
01/06/2024,2.303
02/06/2024,2.304
03/06/2024,2.304
04/06/2024,2.305
05/06/2024,2.306
06/06/2024,2.306
07/06/2024,2.305
07/06/2024,2.306
08/06/2024,2.306
08/06/2024,2.307
09/06/2024,2.306
10/06/2024,2.308
11/06/2024,2.308
12/06/2024,2.31
13/06/2024,2.311
14/06/2024,2.312
15/06/2024,2.312
16/06/2024,2.312
17/06/2024,2.312
18/06/2024,2.313
19/06/2024,2.313
20/06/2024,2.314
21/06/2024,2.315
22/06/2024,2.315
22/06/2024,2.317
22/06/2024,2.312
23/06/2024,2.315
24/06/2024,2.316
25/06/2024,2.317
26/06/2024,2.318
27/06/2024,2.316
28/06/2024,2.317
29/06/2024,2.318
30/06/2024,2.318
01/07/2024,2.318
02/07/2024,2.32
03/07/2024,2.32
04/07/2024,2.321
05/07/2024,2.32
05/07/2024,2.327
06/07/2024,2.32
07/07/2024,2.322
08/07/2024,2.322
09/07/2024,2.322
10/07/2024,2.323
10/07/2024,2.319
11/07/2024,2.325
12/07/2024,2.326
13/07/2024,2.328
14/07/2024,2.328
15/07/2024,2.329
16/07/2024,2.329
17/07/2024,2.329
18/07/2024,2.328
19/07/2024,2.325
20/07/2024,2.326
21/07/2024,2.327
22/07/2024,2.329
23/07/2024,2.33
23/07/2024,2.334
24/07/2024,2.331
25/07/2024,2.332
26/07/2024,2.332
26/07/2024,2.334
27/07/2024,2.328
28/07/2024,2.328
29/07/2024,2.328
30/07/2024,2.327
31/07/2024,2.328
01/08/2024,2.328
02/08/2024,2.329
03/08/2024,2.328
04/08/2024,2.329
05/08/2024,2.328
05/08/2024,2.327
06/08/2024,2.328
07/08/2024,2.331
08/08/2024,2.329
09/08/2024,2.332
09/08/2024,2.33
10/08/2024,2.332
11/08/2024,2.332
12/08/2024,2.333
13/08/2024,2.333
14/08/2024,2.334
15/08/2024,2.334
16/08/2024,2.333
17/08/2024,2.334
18/08/2024,2.334
19/08/2024,2.335
20/08/2024,2.335
21/08/2024,2.335
22/08/2024,2.336
23/08/2024,2.336
23/08/2024,2.336
24/08/2024,2.336
24/08/2024,2.335
25/08/2024,2.336
26/08/2024,2.337
27/08/2024,2.336
28/08/2024,2.336
29/08/2024,2.338
30/08/2024,2.337
31/08/2024,2.339
01/09/2024,2.339
02/09/2024,2.338
03/09/2024,2.338
04/09/2024,2.339
05/09/2024,2.339
05/09/2024,2.338
06/09/2024,2.34
07/09/2024,2.34
08/09/2024,2.341
09/09/2024,2.342
10/09/2024,2.342
11/09/2024,2.342
12/09/2024,2.342
12/09/2024,2.34
13/09/2024,2.342
14/09/2024,2.342
15/09/2024,2.343
16/09/2024,2.343
17/09/2024,2.344
18/09/2024,2.343
19/09/2024,2.344
20/09/2024,2.344
21/09/2024,2.344
22/09/2024,2.345
23/09/2024,2.345
24/09/2024,2.345
25/09/2024,2.345
26/09/2024,2.343
26/09/2024,2.342
27/09/2024,2.342
28/09/2024,2.342
29/09/2024,2.346
30/09/2024,2.347
01/10/2024,2.347
02/10/2024,2.348
03/10/2024,2.348
04/10/2024,2.349
05/10/2024,2.348
05/10/2024,2.351
06/10/2024,2.348
07/10/2024,2.348
08/10/2024,2.348
09/10/2024,2.349
10/10/2024,2.349
11/10/2024,2.349
12/10/2024,2.348
13/10/2024,2.351
14/10/2024,2.351
15/10/2024,2.352
16/10/2024,2.352
17/10/2024,2.352
18/10/2024,2.352
19/10/2024,2.353
20/10/2024,2.352
20/10/2024,2.355
21/10/2024,2.352
21/10/2024,2.351
22/10/2024,2.352
23/10/2024,2.352
24/10/2024,2.353
25/10/2024,2.353
26/10/2024,2.353
27/10/2024,2.354
28/10/2024,2.353
29/10/2024,2.355
30/10/2024,2.354
31/10/2024,
01/11/2024,
02/11/2024,
03/11/2024,
04/11/2024,2.355
05/11/2024,2.355
06/11/2024,2.355
07/11/2024,2.356
08/11/2024,2.356
08/11/2024,2.354
09/11/2024,2.356
10/11/2024,2.358
11/11/2024,2.358
12/11/2024,2.358
13/11/2024,2.357
14/11/2024,2.357
15/11/2024,2.356
16/11/2024,2.358
17/11/2024,2.358
18/11/2024,2.358
19/11/2024,2.358
20/11/2024,2.358
21/11/2024,2.358
21/11/2024,2.356
22/11/2024,2.358
22/11/2024,2.358
23/11/2024,2.359
24/11/2024,2.359
25/11/2024,2.359
26/11/2024,2.359
27/11/2024,2.359
28/11/2024,2.36
29/11/2024,2.361
30/11/2024,2.361
01/12/2024,2.361
02/12/2024,2.362
03/12/2024,2.36
04/12/2024,2.36
04/12/2024,2.36
05/12/2024,2.359
06/12/2024,2.357
06/12/2024,2.36
07/12/2024,2.358
08/12/2024,2.358
09/12/2024,2.359
10/12/2024,2.36
11/12/2024,2.36
12/12/2024,2.359
13/12/2024,2.36
14/12/2024,2.36
15/12/2024,2.36
