fecha,MPW-1,MPW-10,MPW-11,MPW-12,MPW-13,MPW-14,MPW-15,MPW-16,MPW-17,MPW-18,MPW-19,MPW-2,MPW-20,MPW-21,MPW-22,MPW-23A,MPW-24,MPW-25,MPW-3,MPW-4,MPW-5,MPW-7,MPW-8,MPW-9
31/5/1995,0.0,0.0,0.0,0.0,0.0,0.0,0.0,0.0,0.0,0.0,0.0,0.0,0.0,0.0,0.0,0.0,0.0,0.0,0.0,0.0,0.0,0.0,0.0,0.0
30/6/1995,0.0,0.0,0.0,0.0,0.0,0.0,0.0,0.0,0.0,0.0,0.0,0.0,0.0,0.0,0.0,0.0,0.0,0.0,0.0,0.0,0.0,0.0,0.0,0.0
31/7/1995,0.0,0.0,0.0,0.0,0.0,0.0,0.0,0.0,0.0,0.0,0.0,0.0,0.0,0.0,0.0,0.0,0.0,0.0,0.0,0.0,0.0,0.0,0.0,0.0
31/8/1995,0.0,0.0,0.0,0.0,0.0,0.0,0.0,0.0,0.0,0.0,0.0,0.0,0.0,0.0,0.0,0.0,0.0,0.0,0.0,0.0,0.0,0.0,0.0,0.0
30/9/1995,0.0,0.0,0.0,0.0,0.0,0.0,0.0,0.0,0.0,0.0,0.0,0.0,0.0,0.0,0.0,0.0,0.0,0.0,0.0,0.0,0.0,0.0,0.0,0.0
31/10/1995,0.0,0.0,0.0,0.0,0.0,0.0,0.0,0.0,0.0,0.0,0.0,0.0,0.0,0.0,0.0,0.0,0.0,0.0,0.0,0.0,0.0,0.0,0.0,0.0
30/11/1995,0.0,0.0,0.0,0.0,0.0,0.0,0.0,0.0,0.0,0.0,0.0,0.0,0.0,0.0,0.0,0.0,0.0,0.0,0.0,0.0,0.0,0.0,0.0,0.0
31/12/1995,0.0,0.0,0.0,0.0,0.0,0.0,0.0,0.0,0.0,0.0,0.0,0.0,0.0,0.0,0.0,0.0,0.0,0.0,0.0,0.0,0.0,0.0,0.0,0.0
31/1/1996,0.0,0.0,0.0,0.0,0.0,0.0,0.0,0.0,0.0,0.0,0.0,0.0,0.0,0.0,0.0,0.0,0.0,0.0,0.0,0.0,0.0,0.0,0.0,0.0
29/2/1996,0.0,0.0,0.0,0.0,0.0,0.0,0.0,0.0,0.0,0.0,0.0,0.0,0.0,0.0,0.0,0.0,0.0,0.0,0.0,0.0,0.0,0.0,0.0,0.0
31/3/1996,0.0,0.0,0.0,0.0,0.0,0.0,0.0,0.0,0.0,0.0,0.0,0.0,0.0,0.0,0.0,0.0,0.0,0.0,0.0,0.0,0.0,0.0,0.0,0.0
30/4/1996,0.0,0.0,0.0,0.0,0.0,0.0,0.0,0.0,0.0,0.0,0.0,0.0,0.0,0.0,0.0,0.0,0.0,0.0,0.0,0.0,0.0,0.0,0.0,0.0
31/5/1996,0.0,0.0,0.0,0.0,0.0,0.0,0.0,0.0,0.0,0.0,0.0,0.0,0.0,0.0,0.0,0.0,0.0,0.0,0.0,0.0,0.0,0.0,0.0,0.0
30/6/1996,0.0,0.0,0.0,0.0,0.0,0.0,0.0,0.0,0.0,0.0,0.0,0.0,0.0,0.0,0.0,0.0,0.0,0.0,0.0,0.0,0.0,0.0,0.0,0.0
31/7/1996,0.0,0.0,0.0,0.0,0.0,0.0,0.0,0.0,0.0,0.0,0.0,0.0,0.0,0.0,0.0,0.0,0.0,0.0,0.0,0.0,0.0,0.0,0.0,0.0
31/8/1996,0.0,0.0,0.0,0.0,0.0,0.0,0.0,0.0,0.0,0.0,0.0,0.0,0.0,0.0,0.0,0.0,0.0,0.0,0.0,0.0,0.0,0.0,0.0,0.0
30/9/1996,0.0,0.0,0.0,0.0,0.0,0.0,0.0,0.0,0.0,0.0,0.0,0.0,0.0,0.0,0.0,0.0,0.0,0.0,0.0,0.0,0.0,0.0,0.0,0.0
31/10/1996,0.0,0.0,0.0,0.0,0.0,0.0,0.0,0.0,0.0,0.0,0.0,0.0,0.0,0.0,0.0,0.0,0.0,0.0,0.0,0.0,0.0,0.0,0.0,0.0
30/11/1996,0.0,0.0,0.0,0.0,0.0,0.0,0.0,0.0,0.0,0.0,0.0,0.0,0.0,0.0,0.0,0.0,0.0,0.0,0.0,0.0,0.0,0.0,0.0,0.0
31/12/1996,0.0,0.0,0.0,0.0,0.0,0.0,0.0,0.0,0.0,0.0,0.0,0.0,0.0,0.0,0.0,0.0,0.0,0.0,0.0,0.0,0.0,0.0,0.0,0.0
31/1/1997,0.0,0.0,0.0,0.0,0.0,0.0,0.0,0.0,0.0,0.0,0.0,0.0,0.0,0.0,0.0,0.0,0.0,0.0,0.0,0.0,0.0,0.0,0.0,0.0
28/2/1997,0.0,0.0,0.0,0.0,0.0,0.0,0.0,0.0,0.0,0.0,0.0,0.0,0.0,0.0,0.0,0.0,0.0,0.0,0.0,0.0,0.0,0.0,0.0,0.0
31/3/1997,0.0,0.0,0.0,0.0,0.0,0.0,0.0,0.0,0.0,0.0,0.0,0.0,0.0,0.0,0.0,0.0,0.0,0.0,0.0,0.0,0.0,0.0,0.0,0.0
30/4/1997,0.0,0.0,0.0,0.0,0.0,0.0,0.0,0.0,0.0,0.0,0.0,0.0,0.0,0.0,0.0,0.0,0.0,0.0,0.0,0.0,0.0,0.0,0.0,0.0
31/5/1997,0.0,0.0,0.0,0.0,0.0,0.0,0.0,0.0,0.0,0.0,0.0,0.0,0.0,0.0,0.0,0.0,0.0,0.0,0.0,0.0,0.0,0.0,0.0,0.0
30/6/1997,0.0,0.0,0.0,0.0,0.0,0.0,0.0,0.0,0.0,0.0,0.0,0.0,0.0,0.0,0.0,0.0,0.0,0.0,0.0,0.0,0.0,0.0,0.0,0.0
31/7/1997,0.0,0.0,0.0,0.0,0.0,0.0,0.0,0.0,0.0,0.0,0.0,0.0,0.0,0.0,0.0,0.0,0.0,0.0,0.0,0.0,0.0,0.0,0.0,0.0
31/8/1997,0.0,0.0,0.0,0.0,0.0,0.0,0.0,0.0,0.0,0.0,0.0,0.0,0.0,0.0,0.0,0.0,0.0,0.0,0.0,0.0,0.0,0.0,0.0,0.0
30/9/1997,0.0,0.0,0.0,0.0,0.0,0.0,0.0,0.0,0.0,0.0,0.0,0.0,0.0,0.0,0.0,0.0,0.0,0.0,0.0,0.0,0.0,0.0,0.0,0.0
31/10/1997,0.0,0.0,0.0,0.0,0.0,0.0,0.0,0.0,0.0,0.0,0.0,0.0,0.0,0.0,0.0,0.0,0.0,0.0,0.0,0.0,0.0,0.0,0.0,0.0
30/11/1997,0.0,0.0,0.0,0.0,0.0,0.0,0.0,0.0,0.0,0.0,0.0,0.0,0.0,0.0,0.0,0.0,0.0,0.0,0.0,0.0,0.0,0.0,0.0,0.0
31/12/1997,0.0,0.0,0.0,0.0,0.0,0.0,0.0,0.0,0.0,0.0,0.0,0.0,0.0,0.0,0.0,0.0,0.0,0.0,0.0,0.0,0.0,0.0,0.0,0.0
31/1/1998,0.0,0.0,0.0,0.0,0.0,0.0,0.0,0.0,0.0,0.0,0.0,0.0,0.0,0.0,0.0,0.0,0.0,0.0,0.0,0.0,0.0,0.0,0.0,0.0
28/2/1998,0.0,0.0,0.0,0.0,0.0,0.0,0.0,0.0,0.0,0.0,0.0,0.0,0.0,0.0,0.0,0.0,0.0,0.0,0.0,0.0,0.0,0.0,0.0,0.0
31/3/1998,0.0,0.0,0.0,0.0,0.0,0.0,0.0,0.0,0.0,0.0,0.0,0.0,0.0,0.0,0.0,0.0,0.0,0.0,0.0,0.0,0.0,0.0,0.0,0.0
30/4/1998,0.0,0.0,0.0,0.0,0.0,0.0,0.0,0.0,0.0,0.0,0.0,0.0,0.0,0.0,0.0,0.0,0.0,0.0,0.0,0.0,0.0,0.0,0.0,0.0
31/5/1998,0.0,0.0,0.0,0.0,0.0,0.0,0.0,0.0,0.0,0.0,0.0,0.0,0.0,0.0,0.0,0.0,0.0,0.0,0.0,0.0,0.0,0.0,0.0,0.0
30/6/1998,0.0,0.0,0.0,0.0,0.0,0.0,0.0,0.0,0.0,0.0,0.0,0.0,0.0,0.0,0.0,0.0,0.0,0.0,0.0,0.0,0.0,0.0,0.0,0.0
31/7/1998,0.0,0.0,0.0,0.0,0.0,0.0,0.0,0.0,0.0,0.0,0.0,0.0,0.0,0.0,0.0,0.0,0.0,0.0,0.0,0.0,0.0,0.0,0.0,0.0
31/8/1998,0.0,0.0,0.0,0.0,0.0,0.0,0.0,0.0,0.0,0.0,0.0,0.0,0.0,0.0,0.0,0.0,0.0,0.0,0.0,0.0,0.0,0.0,0.0,0.0
30/9/1998,0.0,0.0,0.0,0.0,0.0,0.0,0.0,0.0,-622.9,-794.9,-1124.6,0.0,-592.1,0.0,0.0,0.0,0.0,0.0,0.0,0.0,0.0,0.0,0.0,0.0
31/10/1998,0.0,-1323.9,-589.7,-3302.8,-344.5,-842.8,-1063.6,-5753.3,-2886.8,-1872.8,-4876.5,0.0,-5730.3,-2141.5,0.0,0.0,0.0,0.0,0.0,-437.6,-1350.8,0.0,-786.8,-4987.2
30/11/1998,0.0,-92.1,-438.8,-885.6,-264.0,-315.2,-55.8,-1147.3,-1090.5,-695.5,-914.7,-1248.5,-999.6,-201.6,0.0,0.0,0.0,0.0,-618.2,-1170.0,-884.0,-109.4,-1184.4,-1326.0
31/12/1998,-82.6,-0.2,-0.6,-0.1,-0.1,-0.6,-891.8,-4223.3,-0.9,-0.5,-3015.5,-3896.0,-1.9,-0.1,0.0,0.0,0.0,0.0,0.0,-0.1,-0.1,-0.1,-0.2,-265.4
31/1/1999,-0.1,-0.1,-0.3,-0.4,-0.6,-0.1,-1604.5,-6550.9,-0.3,-0.3,-4529.6,-5928.8,-2.7,-0.1,0.0,0.0,0.0,0.0,-0.2,-0.1,-0.1,-0.1,-0.1,-12.1
28/2/1999,0.0,-1.0,-1.3,-1.5,-0.6,-0.8,-1189.0,-5746.6,-2.0,-0.9,-4001.9,-5206.0,-2.3,-0.8,0.0,0.0,0.0,0.0,-0.8,-0.9,-1.0,-1.0,-1.2,-194.5
31/3/1999,0.0,-0.9,-0.6,-1.3,-0.9,-0.7,-1219.9,-5119.7,-1.6,-2.1,-3577.4,-4529.6,-2.3,-0.7,0.0,0.0,0.0,0.0,-0.6,-0.7,-0.1,-0.5,-0.9,-44.6
30/4/1999,0.0,-0.8,-0.5,-1.0,-0.4,-1.0,-1365.6,-4184.7,-1.4,-1.8,-3728.9,-5002.3,-2.9,-0.7,0.0,0.0,0.0,0.0,-0.8,-0.6,-1.5,-0.5,-0.9,-570.2
31/5/1999,0.0,-0.7,-0.6,-21.2,-0.5,-16.6,-1227.7,-5243.6,-40.6,-53.2,-3730.6,-4756.1,-69.0,0.0,0.0,0.0,0.0,0.0,-0.6,-0.1,0.0,-0.7,-1.0,-46.0
30/6/1999,0.0,-2.5,-0.5,-3.3,-1.4,-0.1,-1079.5,-4387.5,-3.1,0.0,-3121.5,-3978.9,-0.6,-3.1,0.0,0.0,0.0,0.0,0.0,-1.6,0.0,-1.0,-0.1,-43.6
31/7/1999,0.0,0.0,0.0,0.0,0.0,0.0,-1446.4,-5163.8,-3.7,0.0,-3587.8,-5196.5,0.0,0.0,0.0,0.0,0.0,0.0,-0.9,0.0,0.0,-0.1,-9.3,-65.7
31/8/1999,0.0,-1.2,-0.6,-0.6,-0.4,0.0,-1492.7,-5732.9,-0.5,-0.6,-3992.5,-5153.3,0.0,-2.0,0.0,0.0,0.0,0.0,-1.8,0.0,-2.6,-1.3,-7.5,-45.6
30/9/1999,0.0,-0.8,-2.2,0.0,-2.1,0.0,-1315.8,-5681.2,-0.6,-0.7,-3972.1,-4921.8,-0.9,-1.0,0.0,0.0,0.0,0.0,-1.7,0.0,-0.2,-0.7,-0.7,-222.8
31/10/1999,0.0,-3.3,-2.8,0.0,-2.1,0.0,-1245.0,-5850.7,-3.3,-6.0,-4081.6,-5096.8,-10.7,-5.4,0.0,0.0,0.0,0.0,-6.2,0.0,-1.9,-2.3,-8.5,-11684.3
30/11/1999,0.0,-0.1,0.0,-1455.4,0.0,0.0,-413.2,-5946.4,-3486.8,-4802.1,-2682.0,-6409.8,-5187.6,0.0,0.0,0.0,0.0,0.0,0.0,0.0,-1.6,-4.6,0.0,-5265.3
31/12/1999,-1.9,-0.8,-6.4,-5110.1,0.0,0.0,0.0,-8605.8,-6020.9,-7696.1,-1737.0,-8403.3,-7130.9,0.0,0.0,0.0,0.0,0.0,-1.4,0.0,-0.6,-1.2,-6.9,-8988.8
31/1/2000,0.0,-8.4,-9.8,-5193.1,-9.5,0.0,0.0,-8405.9,-5835.2,-7337.2,-2195.6,-8599.6,-8451.7,-6.1,0.0,0.0,0.0,0.0,0.0,0.0,-16.7,-0.6,-77.5,-4945.7
29/2/2000,-0.7,-18.1,-17.1,-5121.3,-13.0,0.0,0.0,-8547.1,-5813.6,-7665.2,-2199.1,-8536.8,-8857.8,-9.2,0.0,0.0,0.0,0.0,-2.0,0.0,-9.8,-7.8,-2.4,-5485.0
31/3/2000,0.0,-1.2,-1.2,-4693.6,0.0,0.0,0.0,-7643.2,-5435.3,-7166.2,-2035.1,-7517.7,-8067.0,0.0,0.0,0.0,0.0,0.0,-3.5,0.0,-0.6,-0.6,0.0,-7793.0
30/4/2000,-2.1,-62.2,-61.1,-5119.1,-24.8,0.0,0.0,-7904.4,-5819.2,-7745.3,-2031.1,-4927.2,-7341.5,-43.2,0.0,0.0,0.0,0.0,0.0,0.0,0.0,0.0,0.0,-8610.0
31/5/2000,0.0,-3.8,0.0,-4785.8,0.0,0.0,0.0,-7763.9,-5675.3,-7906.7,-1924.3,-5.9,-7434.6,0.0,0.0,0.0,0.0,0.0,0.0,0.0,0.0,0.0,0.0,-8385.5
30/6/2000,0.0,0.0,0.0,-4748.7,0.0,0.0,0.0,-7219.9,-4999.8,-7053.2,-1754.2,-0.1,-6755.1,0.0,0.0,0.0,0.0,0.0,0.0,0.0,0.0,0.0,0.0,-7524.1
31/7/2000,0.0,-0.6,0.0,-3933.4,-0.5,0.0,0.0,-7986.2,-5882.7,-7726.2,-2042.4,-6838.4,-7801.2,-0.2,0.0,0.0,0.0,0.0,0.0,0.0,0.0,0.0,0.0,-4686.0
31/8/2000,-1.8,-0.2,-0.4,-4703.5,-0.8,-1.9,-0.3,-8162.5,-6082.9,-7731.3,-2148.5,-8130.4,-7926.4,-1.3,0.0,0.0,0.0,0.0,0.0,-2.6,-1.1,0.0,-2.1,0.0
30/9/2000,-3.7,0.0,0.0,-4559.5,0.0,0.0,0.0,-6426.9,-6063.1,-7743.9,-2117.8,-8164.6,-7381.0,-4.3,0.0,0.0,0.0,0.0,0.0,-2.4,0.0,0.0,0.0,-3624.1
31/10/2000,-330.1,-304.3,-323.3,-4535.5,-124.9,-171.2,-185.4,-6651.7,-5878.7,-7311.7,-2387.4,-8257.6,-7282.6,-527.9,0.0,0.0,0.0,0.0,-125.9,-536.5,-351.1,-313.4,-616.1,-6976.3
30/11/2000,-0.3,-0.4,-1.5,-5037.4,0.0,-0.4,-0.8,-6986.5,-6125.0,-7783.7,-2158.5,-8232.5,-7387.3,0.0,0.0,0.0,0.0,0.0,-1.1,0.0,0.0,-0.6,-1.1,-8690.5
31/12/2000,-561.6,-371.7,-425.0,-4747.3,-192.3,-355.7,-255.5,-7109.9,-4992.7,-7815.4,-3743.8,-8464.6,-7491.9,-584.4,0.0,0.0,0.0,0.0,-476.5,-642.6,-406.6,-379.7,-790.4,-8697.4
31/1/2001,-1.6,-0.2,-0.7,-4384.5,-1.1,-0.3,-0.2,-6661.1,-4945.5,-7823.5,-2018.0,-7969.1,-6916.9,-0.4,0.0,0.0,0.0,0.0,-1.3,-0.9,-2.0,-0.6,-0.3,-6882.2
28/2/2001,0.0,-0.1,0.0,-5026.4,-0.1,0.0,-814.7,-5720.7,-5402.7,-8350.6,-2141.1,-8615.6,-7407.2,0.0,0.0,0.0,0.0,0.0,-0.6,0.0,0.0,0.0,0.0,-7104.4
31/3/2001,-7.9,-1.4,-0.2,-4907.2,-0.4,-0.5,-110.9,-5778.4,-5338.8,-8337.2,-2129.5,-8609.4,-7445.3,-1.1,0.0,0.0,0.0,0.0,-5.1,-2.7,-0.6,-1.0,-3.0,-7223.5
30/4/2001,0.0,-2.9,-2.1,-4722.7,-0.1,-0.9,-8.2,-5722.3,-5072.4,-8024.8,-2364.3,-8276.8,-7165.2,-1.2,0.0,0.0,0.0,0.0,-1.7,-0.7,-7.9,-1.6,-13.9,-7665.2
31/5/2001,0.0,-6.2,0.0,-5098.0,0.0,0.0,-2.2,-5903.4,-5318.3,-7815.9,-2273.2,-8708.6,-7308.2,-0.5,0.0,0.0,0.0,0.0,-0.2,0.0,0.0,0.0,-3.2,-8238.1
30/6/2001,0.0,0.0,0.0,-3859.0,0.0,0.0,0.0,-6226.4,-5196.5,-5481.4,-2367.0,-7985.0,-7396.0,0.0,0.0,0.0,0.0,0.0,-0.2,0.0,0.0,0.0,0.0,-7948.5
31/7/2001,-2.1,-204.1,-228.9,-960.7,-21.8,-88.6,-1.1,-943.6,-5265.1,-7847.9,-3033.8,-8402.3,-7759.3,-4.2,0.0,0.0,0.0,0.0,-256.2,-63.8,-60.7,-212.3,0.0,-8182.7
31/8/2001,-0.2,-3361.6,-1197.4,0.0,-3077.4,-3360.3,-3231.6,-4309.0,-787.0,-6461.8,-3015.6,-5834.8,-6363.9,0.0,0.0,0.0,0.0,0.0,-4485.0,-3741.5,-2955.7,-2826.2,-6218.2,-3524.1
30/9/2001,0.0,-3660.8,-2173.0,0.0,-3153.2,-3174.5,-1307.5,-5959.1,0.0,-2824.5,-3747.1,-6049.5,-6587.8,-100.5,0.0,0.0,0.0,0.0,-3218.1,-1170.3,-3921.3,-674.9,-7530.9,-3472.9
31/10/2001,0.0,-3548.5,-3723.5,0.0,-2836.9,-3243.0,0.0,-5691.4,-2918.4,-5551.3,-3014.1,-5234.8,-6191.4,-83.4,0.0,0.0,0.0,0.0,-1313.1,-3032.0,-3888.0,-980.5,-5931.5,-1627.3
30/11/2001,-0.9,-2887.4,-4036.6,0.0,-2820.2,-2790.2,-191.1,-4947.5,-4793.0,-4674.0,-5585.7,-5787.7,-6532.5,-47.7,0.0,0.0,0.0,0.0,-3729.9,-3228.8,-4072.3,-3038.9,-6041.7,-770.0
31/12/2001,-1761.5,-3582.5,-4983.7,0.0,-3061.0,-3369.2,-2763.4,-4342.3,-2101.0,-2190.3,-4414.2,-5444.2,-4264.8,-2167.5,0.0,0.0,0.0,0.0,-3584.1,-357.4,-4088.8,-3920.2,-7701.6,-1505.5
31/1/2002,-2746.4,-2954.8,-4706.4,0.0,-2866.5,-3193.4,-2386.9,-3860.1,-3527.5,-4555.0,-4253.9,-4247.9,-1343.0,-3210.3,0.0,0.0,0.0,0.0,-3737.7,-2180.5,-3618.6,-3387.2,-7020.3,-1653.1
28/2/2002,-2250.3,-2254.2,-4829.3,0.0,-2894.3,-3278.7,-2707.1,-5562.9,-4418.8,-4759.3,-4384.6,-2690.6,-1620.3,-4209.7,0.0,0.0,0.0,0.0,-2822.3,-3955.6,-3947.2,-3872.7,-7474.4,-1708.4
31/3/2002,-5334.6,-3186.3,-4536.1,0.0,-2991.8,-2938.5,-2749.3,-6619.6,-5487.7,-6718.4,-5431.3,-3740.3,-894.4,-3746.8,0.0,0.0,0.0,0.0,-1179.4,-5352.6,-3714.5,-3674.4,-6630.5,-3379.6
30/4/2002,-4611.0,-3277.3,-4734.4,0.0,-2997.3,-3246.6,-2781.3,-5487.1,-5575.2,-4539.7,-6015.6,-4613.1,-0.6,-4582.9,0.0,0.0,0.0,0.0,-3022.6,-4950.7,-3873.7,-4002.8,-7674.1,-1055.7
31/5/2002,-3642.4,-3236.2,-4029.4,0.0,-3157.6,-1583.2,-2147.7,-5658.7,-5533.9,-4164.3,-6251.0,-4293.2,-939.1,-5331.9,0.0,0.0,0.0,0.0,-4397.8,-2535.8,-3819.3,-3931.5,-7861.4,-2110.9
30/6/2002,-3772.9,-3019.5,-4533.2,0.0,-2561.3,-636.4,-976.7,-5876.3,-5252.0,-6280.0,-6220.3,-5437.0,-11.5,-5044.1,0.0,0.0,0.0,0.0,-4049.2,-2664.6,-2386.2,-2336.5,-8113.2,-5287.7
31/7/2002,-2492.4,-513.4,-3249.3,0.0,-2590.8,-2214.5,-0.4,-4595.4,-4057.6,-4121.1,-3245.1,-6878.4,-274.5,-4036.1,0.0,0.0,0.0,0.0,-4133.8,-2885.6,-3354.6,-1586.8,-5641.8,-5865.6
31/8/2002,-1958.0,-3485.4,-4426.9,0.0,-2470.2,-1775.3,-1844.3,-3959.5,-2877.3,-3597.6,-5930.9,-2064.7,-6455.1,-4150.0,0.0,0.0,0.0,0.0,-4060.4,-4686.5,-3056.6,-2361.4,-5214.8,-8186.9
30/9/2002,-767.9,-2988.5,-3947.2,0.0,-2660.4,-2188.8,-2289.2,-5134.1,-3902.6,-6148.0,-5655.8,-0.2,-3542.7,-3812.0,0.0,0.0,0.0,0.0,-3827.1,-5121.1,-3250.1,-2550.1,-6149.7,-4638.5
31/10/2002,-878.8,-2371.4,-2680.5,0.0,-2075.6,-1863.1,-1134.6,-3344.7,-2730.0,-3884.2,-3634.6,-1672.3,-3223.9,-1874.5,0.0,0.0,0.0,0.0,-3072.7,-1834.3,-2584.8,-1725.8,-4362.0,-2181.0
30/11/2002,-4469.4,-4889.0,-5223.6,0.0,-4399.7,-3913.2,-3350.5,-7542.4,-6096.4,-6205.3,-8052.6,-9385.6,-7225.5,-6259.2,0.0,0.0,0.0,0.0,-6251.4,-8176.0,-5497.8,-5417.9,-9002.0,-8078.2
31/12/2002,-5078.5,-3315.4,-4014.0,0.0,-2818.5,-2855.8,-2489.5,-4985.9,-3797.1,-5362.4,-5146.4,-7419.6,-4601.8,-4446.0,0.0,0.0,0.0,0.0,-4735.8,-5666.7,-3805.0,-3913.7,-7184.9,-7432.1
31/1/2003,-4320.7,-3245.8,-3438.1,0.0,-2812.8,-2647.3,-2170.0,-4868.8,-4127.8,-5363.0,-4823.8,-3786.6,-4698.2,-4887.6,-889.5,-480.4,0.0,-980.5,-4174.7,-5038.6,-3477.5,-3580.0,-5554.1,-8069.6
28/2/2003,-4971.5,-3347.8,-2766.6,0.0,-3033.8,-2697.8,0.0,-5169.4,-4369.2,-5087.5,-3297.8,-8566.1,-4386.3,-4126.0,-4906.1,-4857.9,0.0,-7460.6,-3854.0,-5195.2,-3873.2,-3875.5,-6216.9,-1505.0
31/3/2003,-3506.4,-3197.6,-3863.5,0.0,-2667.7,-2714.7,0.0,-5502.6,-4276.5,-5410.2,-5430.9,-7044.1,-5368.7,-5071.7,-9183.1,-4098.8,0.0,-7447.2,-4117.9,-5467.8,-3684.6,-3559.5,-6068.8,-166.1
30/4/2003,-5406.7,-2114.6,-4134.4,0.0,-2888.3,-2183.0,0.0,-3534.6,-5387.0,-4902.2,-5082.7,-6240.6,-4272.5,-5311.7,-7387.2,-822.7,0.0,-8051.7,-4361.7,-5620.4,-3805.2,-3749.3,-5831.1,-952.9
31/5/2003,-5129.5,-4694.2,-4269.1,0.0,-3065.4,-3102.9,0.0,-8081.0,-5622.7,-5826.1,-3907.6,-6335.9,-6499.7,-5280.3,-7211.7,-410.5,0.0,-6337.2,-4017.5,-5686.0,-3806.6,-3836.8,-6617.6,-1300.3
30/6/2003,-3879.4,-3319.8,-3998.5,-2741.4,-3002.4,-2263.9,-482.8,-5932.1,-5307.0,-5598.3,-5613.7,-3674.2,-6466.7,-4282.0,-6832.4,-2159.4,0.0,-7945.7,-4129.1,-5773.7,-3904.8,-4034.4,-7208.8,-62.7
31/7/2003,-5562.7,-3531.0,-4151.0,-4639.1,-3184.2,-2791.9,-1192.1,-6274.2,-5258.9,-6078.6,-5586.9,-0.1,-6300.2,-5543.2,-7627.4,-7873.1,0.0,-7204.9,-4719.7,-6199.3,-3868.3,-4036.0,-7058.8,-0.1
31/8/2003,-5232.6,-3657.4,-4082.5,-4681.5,-3027.9,-2706.5,-1959.0,-6739.7,-4789.6,-6228.0,-3226.1,-6136.2,-6167.5,-5299.6,-7295.0,-7437.4,0.0,-7829.6,-4583.3,-5873.4,-2867.1,-3980.5,-7044.7,0.0
30/9/2003,-5666.9,-3992.3,-4195.6,-4960.4,-3210.7,-2850.4,-2529.7,-4405.4,-5336.5,-6883.1,0.0,-8247.7,-7705.8,-5593.5,-7576.2,-7616.2,0.0,-8138.2,-4641.2,-5637.4,-2602.8,-4078.3,-2814.8,-4356.6
31/10/2003,-5639.9,-3716.9,-4058.1,-4635.5,-2984.8,-2479.8,-2501.8,-2853.7,-4993.2,-7539.4,-5564.3,-7626.8,-4558.7,-5524.7,-7424.3,-7478.1,0.0,-7728.4,-4497.5,-5610.1,-3878.8,-3718.4,-4596.4,-514.5
30/11/2003,-5190.5,-3775.3,-3976.0,-5057.1,-2934.6,-2182.3,-2563.0,-5384.5,-4708.3,-7474.6,-4140.7,-6969.4,0.0,-2524.7,-5143.4,-7330.9,0.0,-7820.1,-4381.7,-4935.5,-3833.5,-3920.9,-6435.0,0.0
31/12/2003,-5316.2,-3950.7,-4106.7,-4955.8,-3150.2,-2934.2,-2562.5,-5476.1,-5440.8,-2320.4,-6103.2,-8177.9,0.0,-5549.3,-9782.7,-7372.4,0.0,-8272.8,-4547.6,-4003.4,-3502.1,-4006.6,-7199.8,0.0
31/1/2004,-5591.2,-3840.0,-3869.1,-4951.5,-3057.3,-2917.9,-2621.3,-6483.9,-5600.4,-6279.8,-6056.1,-7993.8,-5341.3,-5488.3,-8086.1,-7037.5,0.0,-8322.7,-4572.6,-4901.8,-3569.3,-3869.5,-7705.6,-26.0
29/2/2004,-5540.7,-3718.1,-3837.3,-4949.4,-3029.1,-2751.5,-2613.3,-6721.9,-5555.2,-6352.9,-3143.7,-7965.4,-8136.1,-5377.0,-8231.5,-4379.8,0.0,-8346.7,-4572.6,-6254.9,-3584.1,-3598.5,-7516.9,-2207.3
31/3/2004,-5631.5,-3870.1,-4072.2,-5016.3,-3061.5,-2983.7,-2725.9,-6788.7,-5854.3,-6421.5,-6408.1,-8362.7,-7657.8,-5498.9,-8502.8,-356.3,0.0,-8588.8,-4579.1,-6638.3,-2710.3,-3942.6,-7597.7,-6110.8
30/4/2004,-5637.8,-3905.5,-4042.8,-4838.4,-3097.7,-3038.1,-2647.8,-7151.6,-5805.4,-5826.7,-6477.1,-8529.5,-8378.3,-4806.0,-8357.2,-3135.8,0.0,-8439.1,-4571.8,-6543.9,-3874.2,-3899.7,-7866.2,-6252.8
31/5/2004,-5550.7,-3784.6,-3926.5,-4880.9,-3046.0,-2963.3,-2641.1,-5861.4,-5983.9,-3058.5,-5473.2,-7683.9,-6982.2,-5462.2,-8436.2,-6854.2,0.0,-8382.9,-4369.0,-5956.5,-2873.1,-3843.0,-7537.2,-5794.8
30/6/2004,-5818.8,-3599.7,-3687.3,-5134.6,-2866.5,-2664.8,-2294.9,-5028.0,-7300.2,-5826.7,-5236.2,-5315.4,-5735.8,-5176.5,-7820.8,-7118.8,0.0,-8402.2,-4194.3,-5634.6,-2075.9,-3835.9,-6121.1,-5416.5
31/7/2004,-5670.5,-3647.2,-3601.8,-2918.1,-2908.7,-2579.4,-2274.6,-2043.3,-5910.6,-5638.7,-4042.6,-6370.0,-6142.4,-5345.5,-7472.3,-5380.1,0.0,-7643.4,-4004.5,-5838.3,-3034.5,-3539.7,-6955.8,-6131.9
31/8/2004,-5623.8,-3647.3,-3660.4,-4697.1,-2951.4,-2634.3,-2326.1,-7399.9,-5770.7,-6710.1,-6029.9,-7985.3,-6433.9,-5496.5,-7853.7,-1560.3,0.0,-8798.7,-4489.5,-6535.1,-2881.6,-3644.3,-7621.5,-6671.9
30/9/2004,-5163.4,-3268.7,-3376.3,-2865.5,-2774.6,-2640.0,-2237.2,-7323.2,-3446.0,-6546.5,-5902.4,-7652.7,-7517.2,-5156.4,-7630.3,-6958.8,0.0,-3185.4,-4123.5,-5919.1,-3048.6,-3340.7,-7210.4,-6380.2
31/10/2004,-5080.2,-3242.4,-3256.5,-4118.8,-2718.2,-2642.1,-2287.2,-6582.2,-5665.3,-7229.5,-5855.5,-7901.4,-7722.2,-5329.7,-7588.9,-7325.6,0.0,-1353.2,-3892.6,-5760.0,-3111.8,-3318.8,-7357.9,-6389.5
30/11/2004,-4999.8,-3313.6,-3437.4,-4167.9,-2774.0,-2637.9,-2399.0,-7290.9,-5275.1,-6665.2,-5284.2,-7970.6,-7020.1,-5198.2,-864.4,-7085.0,0.0,-1988.6,-3987.3,-5652.2,-2455.4,-3339.3,-7411.0,-6111.3
31/12/2004,-5364.0,-3523.3,-3834.0,-4846.4,-3035.5,-2885.5,-2657.4,-8164.0,-6011.3,-7486.8,-6088.5,-8300.2,-8170.3,-5884.1,-1866.9,-8275.5,0.0,0.0,-4556.9,-6508.1,-3316.7,-3550.1,-7804.6,-5478.4
31/1/2005,-5329.9,-3372.0,-3711.9,-4887.5,-2943.9,-2792.9,-2524.3,-8010.1,-5853.5,-2959.6,-5503.8,-8037.3,-8187.1,-5497.3,-2306.9,-8552.3,0.0,-9859.4,-4427.0,-6384.0,-3978.3,-3420.5,-7754.9,-6865.8
28/2/2005,-4750.6,-3222.8,-3516.3,-4647.1,-2784.2,-1959.7,-2411.8,-7387.7,-5488.3,-127.3,-5724.5,-7836.8,-7546.0,-5190.1,-7150.7,-7790.1,0.0,-5243.4,-4174.5,-6109.7,-3795.1,-3208.8,-6902.6,-6484.1
31/3/2005,-5249.1,-3394.7,-3757.5,-3504.6,-2998.9,-471.4,-2613.1,-7882.7,-5979.5,-5181.9,-6073.2,-7444.4,-8051.1,-5854.5,-7425.8,-8557.9,0.0,-7485.7,-4283.6,-6561.2,-4141.7,-3459.1,-6982.1,-7059.5
30/4/2005,-4261.6,-3436.3,-3641.5,-3383.0,-2905.3,-471.4,-2567.1,-6867.3,-5477.0,-5253.3,-5954.0,-6491.0,-5979.8,-5582.1,-6035.8,-7604.7,0.0,-7275.8,-3929.6,-6036.6,-3801.1,-3278.9,-5618.0,-6988.5
31/5/2005,-4210.0,-3491.8,-3471.2,-3972.1,-3011.3,-2342.7,-2471.8,-7412.9,-5564.4,-3487.7,-5964.8,-8109.7,-7361.7,-4681.0,-6193.9,-7671.8,-320.5,-8040.7,-4175.7,-5487.1,-3644.2,-3383.4,-1523.8,-6926.3
30/6/2005,-5297.1,-3147.9,-6.8,-5029.7,-2896.5,-2679.3,-2460.4,-6928.0,-5368.0,-6749.0,-5870.9,-7098.9,-4142.6,-5607.9,-5581.0,-7738.0,-4546.6,-7309.0,-3974.8,-5276.1,-3567.9,-3261.1,-5631.6,0.0
31/7/2005,-5220.0,-1986.4,-1210.6,-4894.3,-2659.6,-2498.2,-2281.9,-4514.4,-5081.4,-5945.3,-5041.5,-7710.7,-7014.5,-5106.3,-3719.7,-7255.7,-4509.3,-6324.5,-3981.4,-5585.7,-3612.3,-3132.4,-6937.1,0.0
31/8/2005,-5153.7,-3310.7,-2828.0,-4569.4,-2530.3,-2295.1,-2137.9,-6988.8,-5149.5,-6869.3,-2798.3,-7256.7,-6945.0,-4894.4,-6428.4,-7135.0,-4687.2,-6742.2,-3512.2,-5840.3,-3893.7,-3210.2,-7182.6,0.0
30/9/2005,-5112.5,-3487.4,-3052.0,-3832.5,-2817.8,-2430.4,-2490.0,-7494.7,-4973.4,-5991.0,-3167.2,-6759.1,-6376.7,-5473.6,-6345.6,-7478.2,-8287.2,-7443.1,-4086.5,-6078.5,-3859.7,-3184.5,-2411.7,0.0
31/10/2005,-5426.6,-3934.6,-3439.4,-4429.4,-2982.1,-2565.2,-2469.1,-7958.2,-5993.7,-7242.8,-5871.5,-3923.2,-5325.4,-4261.5,-7032.2,-8118.9,-8376.4,-8071.5,-4485.9,-6434.0,-4065.7,-3380.1,-374.5,0.0
30/11/2005,-5333.5,-3886.3,-3841.2,-5018.7,-2761.3,-2338.9,-2379.0,-8103.3,-4910.4,-6906.1,-5551.0,-7801.2,-2828.7,-5810.1,-7424.6,-7291.3,-7553.1,-7962.5,-4202.6,-6329.3,-3479.1,-3311.5,-1720.5,0.0
31/12/2005,-4718.1,-1132.3,-3188.6,-4520.0,-2240.8,-1857.7,-1055.3,-7736.6,-4910.6,-5332.0,-5117.7,-7672.1,-6966.6,-5449.0,-6667.3,-6280.6,-8188.9,-5396.5,-2937.3,-5645.6,-3571.0,-3026.2,-2240.4,0.0
31/1/2006,-5266.2,-3509.8,-3312.9,-4805.5,-2682.7,-2356.8,-1960.5,-7902.0,-5660.1,-6494.2,-5790.3,-7941.0,-7079.6,-5573.7,-7491.3,-721.7,-6938.8,-7709.1,-4336.9,-6479.0,-3714.5,-3054.4,-5841.8,-7893.6
28/2/2006,-4182.0,-3206.4,-2319.3,-3990.2,-2168.7,-1904.1,-2113.0,-7115.8,-4761.6,-5256.6,-5310.0,-6653.1,-7005.5,-5023.8,-6712.2,0.0,-6640.8,-6612.2,-3767.8,-5904.0,-3260.5,-2836.4,-5864.0,-6650.3
31/3/2006,-5186.5,-3773.9,-2996.3,-5072.9,-2902.1,-2598.6,-2322.6,-6172.9,-6007.1,-6848.9,-6318.6,-7554.6,-8518.1,-5718.5,-6871.3,-1286.6,-8388.0,-8310.9,-4205.9,-6419.9,-4027.1,-3284.2,-7392.6,-1036.3
30/4/2006,-4712.8,-3781.6,-3187.3,-4161.0,-2624.2,-2541.8,-2130.5,-1009.1,-5926.1,-6908.4,-5853.9,-8205.8,-8065.2,-5479.8,-6708.2,-8418.9,-8478.6,-8150.1,-3930.4,-6061.3,-3687.3,-3118.6,-6767.5,-3094.5
31/5/2006,-4747.9,-3314.5,-3542.5,-4727.1,-2151.8,-2143.9,-1745.0,-5818.8,-4120.6,-6695.5,-5803.1,-8212.2,-8136.0,-5597.7,-6410.7,-8067.6,-7808.1,-7908.1,-4159.0,-5325.8,-1928.7,-3095.0,-6862.5,-5469.9
30/6/2006,-4657.3,-2503.6,-2790.3,-2921.5,-1545.5,-1261.6,-953.1,-5640.8,-4945.5,-6055.1,-6050.8,-6805.0,-7226.6,-4164.5,-7241.2,-6602.7,-7085.3,-7074.1,-2357.7,-5154.8,-2541.5,-2406.8,-6864.2,-3710.2
31/7/2006,-5155.6,-2910.0,-2713.9,-3278.8,-1450.8,-1055.3,-1378.8,-5197.3,-5225.5,-6599.0,-5778.6,-7986.5,-5183.4,-5121.3,-7398.5,-6163.1,-7137.3,-7378.9,-4165.0,-3970.0,-3997.1,-665.6,-6510.5,-5332.4
31/8/2006,-854.9,-2970.1,-1683.6,-3012.5,-1818.9,-260.4,-1665.2,-5064.1,-5004.9,-5093.8,-4957.9,-3599.0,-6512.3,-3407.1,-6738.1,-4625.2,-5999.8,-5882.3,-4191.7,-2600.4,-3187.5,-2579.4,-4392.9,-2822.9
30/9/2006,-4056.0,-21.7,-4033.9,-3760.3,-1843.1,-1303.2,-1579.6,-5233.9,-5580.5,-6069.1,-5539.9,-5156.4,-6297.8,-2142.0,-6788.8,-6739.3,-6638.8,-6765.5,-3638.4,-5386.4,-3277.8,-2385.0,-7066.4,-4807.7
31/10/2006,-5379.3,-459.9,-2719.7,-4387.5,-1635.4,-1414.2,-1415.8,-1052.0,-5938.6,-6516.7,-6230.8,-8213.4,-7229.9,-4027.7,-6681.4,-7998.6,-7994.1,-7846.9,-4309.7,-6197.3,-3660.3,-3086.9,-7205.0,-5074.6
30/11/2006,-5246.5,-2579.3,-2323.2,-4567.9,-1537.0,-1190.7,-1462.4,-5685.8,-5673.1,-6607.2,-5219.0,-7194.6,-7058.9,-5005.8,-6854.1,-6895.3,-8167.1,-7750.1,-3943.9,-5931.8,-2878.5,-1212.5,-5989.9,-3509.3
31/12/2006,-5457.3,-3285.6,-3020.1,-4739.2,-2199.3,-1884.6,-1862.2,-6686.2,-5959.5,-7031.1,-6156.5,-7771.5,-6145.1,-5455.3,-7413.8,-8271.6,-8422.7,-6840.2,-4216.3,-6212.6,-3151.1,-3409.3,-6535.6,-4689.8
31/1/2007,-5193.7,-3498.4,-3366.5,-3579.5,-2276.4,-1857.0,-944.4,-5687.0,-5930.9,-5891.9,-5745.4,-7452.5,-5716.0,-4868.3,-7509.0,-7760.6,-7380.4,-7398.3,-4294.5,-5306.9,-3937.4,-3821.2,-6305.3,-4585.0
28/2/2007,-4954.5,-3144.6,-3072.1,-3060.9,-2273.3,-1981.8,-3098.4,-6597.9,-6013.9,-6055.6,-6091.1,-7602.3,-6749.3,-5006.3,-7471.5,-8077.1,-7213.5,-7987.5,-4157.1,-5174.5,-3921.3,-3632.6,-4831.5,-3727.4
31/3/2007,-5313.2,-3538.6,-3643.8,-3039.5,-2223.8,-1529.6,-2280.8,-6746.4,-5906.5,-7202.0,-5901.0,-7827.3,-7782.6,-5247.3,-7624.9,-8125.7,-7965.1,-8048.6,-4157.1,-6071.2,-3872.8,-3988.9,-4901.6,-3727.4
30/4/2007,-4906.1,-3071.2,-3302.5,-3162.5,-2362.4,-2128.5,-1463.2,-6178.9,-5396.1,-6823.6,-5627.0,-7923.8,-7332.0,-4935.2,-6959.6,-7663.0,-6395.3,-7523.6,-4019.6,-5604.1,-3642.5,-3409.5,-6285.2,-3727.4
31/5/2007,-5384.7,-3394.9,-3132.3,-3458.8,-2276.5,-2257.1,-1537.1,-6373.6,-5741.5,-7160.5,-5710.9,-8700.9,-7329.0,-4476.8,-7344.1,-7669.8,-6413.7,-6945.4,-4105.5,-5720.3,-3550.5,-3345.7,-6039.7,-3727.4
30/6/2007,-4786.6,-3329.5,-2743.3,-3448.9,-1968.1,-1875.3,-1611.1,-1349.0,-5682.1,-6637.4,-5146.4,-8642.1,-6076.1,-4149.6,-7150.6,-6730.4,-5975.2,-4975.8,-3767.5,-5369.5,-3258.3,-2972.7,-6656.6,-3727.4
31/7/2007,-5096.8,-3329.5,-2726.5,-3489.5,-1840.3,-1493.5,-1595.9,-4.0,-5357.6,-5054.7,-5342.9,-8419.7,-6735.6,-4206.3,-7307.9,-6860.0,-5165.7,-5857.4,-3429.6,-5807.1,-3258.3,-3068.7,-6405.2,-2869.8
31/8/2007,-4970.6,-3349.4,-3012.8,-955.6,-2139.7,-1539.6,-1875.5,-4.1,-5617.6,-4875.9,-6005.5,-7973.9,-6108.7,-3984.3,-7149.3,-7032.4,-6299.5,-6738.9,-4048.3,-5490.1,-2966.1,-3390.7,-5741.1,-3009.4
30/9/2007,-5196.6,-3349.4,-2674.5,-4494.1,-1661.8,-1304.7,-1647.6,-827.1,-5785.4,-6678.7,-6388.7,-8100.7,-7251.6,-4772.6,-7645.9,-7236.6,-6166.0,-6442.7,-4739.2,-5901.2,-3816.7,-3814.1,-3411.8,-4610.1
31/10/2007,-5281.8,-3349.4,-3264.3,-4872.6,-2400.4,-1928.6,-2280.5,-7235.1,-5843.8,-6916.8,-6510.5,-6575.4,-7410.5,-4641.0,-7269.5,-7473.2,0.0,0.0,-4775.5,-6034.5,-4066.1,-3795.8,-3510.3,-4232.8
30/11/2007,-4781.8,-3088.2,-3022.5,-4280.5,-2320.1,-1996.7,-2216.8,-7235.1,-5349.0,-6142.2,-5840.2,-7593.5,-6832.0,-4351.3,-6600.3,-7182.1,0.0,0.0,-4323.3,-4987.1,-3695.9,-1763.2,-5579.2,-4232.8
31/12/2007,-5168.3,-3203.1,-2780.6,-4958.6,-1373.6,-2215.3,-2465.4,-7648.5,-5994.8,-7068.5,-6569.6,-8408.4,-7534.0,-4501.7,-7495.5,-7870.9,0.0,0.0,-4799.5,-6054.1,-4004.7,-2733.5,-6610.1,-4232.8
31/1/2008,-5291.2,-2877.2,0.0,-1018.9,-2779.5,-2172.6,-2352.4,-7170.1,-5752.7,-6085.7,-6356.0,-7782.2,-6432.6,-4083.7,-6600.7,-7862.4,-1543.1,-1578.6,-4654.1,-5807.5,-3346.3,-2485.2,-6203.8,-4437.4
29/2/2008,-4894.5,-2556.6,-3084.5,-3938.0,-2098.3,-2236.0,-2420.2,-7481.7,-5945.8,-5948.4,-6582.2,-8227.6,-7175.6,-4098.9,-6274.0,-7862.4,-1342.4,-1656.9,-4450.6,-6082.6,-3438.0,-2384.9,-6500.4,-6904.9
31/3/2008,-5308.2,-3060.7,-2838.6,-4665.4,-2533.3,-2062.5,-2297.7,-7040.2,-5730.6,-6462.9,-6406.2,-8237.6,-7142.6,-4364.9,-7441.7,-7487.5,-1600.6,-3058.1,-4450.6,-5761.5,-3374.9,-2812.4,-6426.3,-2720.4
30/4/2008,-5196.1,-3226.8,-2774.7,-4731.7,-2599.2,-1690.5,-2465.3,-7306.9,-5858.2,-6827.0,-6543.1,-8127.5,-7543.5,-3757.9,-7700.7,-7719.1,-6520.8,-2699.4,-4247.1,-5193.2,-3248.0,-2981.9,-6701.0,-7718.0
31/5/2008,-5672.9,-3218.4,-2722.5,-4661.0,-2645.1,-1303.3,-2438.8,-7987.3,-5657.4,-6475.6,-3996.6,-8407.0,-7296.3,-4365.6,-7337.3,-7531.6,-6604.5,-2886.5,-4052.5,-5884.9,-2980.1,-2899.8,-6716.5,-7587.4
30/6/2008,-4662.0,-3099.4,-3040.1,-4453.8,-2617.1,-1289.1,-2438.8,-7619.6,-5600.3,-5782.6,-4018.3,-8036.6,-7551.3,-4315.4,-7469.7,-7672.3,-5977.1,-3053.8,-4121.2,-6008.2,-3526.6,-2927.2,-6725.3,-7243.9
31/7/2008,-4964.3,-3015.4,-2533.8,-4329.1,-1913.3,-1048.6,-2438.8,-6814.2,-5194.0,-5635.0,-4415.1,-7352.1,-7284.0,-2832.0,-6790.0,-8130.2,-5280.4,-6171.3,-4204.3,-6001.5,-2777.1,-2696.8,-6715.3,-7243.9
31/8/2008,-5632.3,-2931.4,-2954.0,-5047.5,-2113.8,-1636.5,-2438.8,-7085.0,-5189.6,-5635.0,-4415.1,-8086.5,-6731.5,-3578.9,-7286.6,-7700.0,-6356.5,-7746.9,-4287.5,-5994.9,-3369.0,-2466.4,-6714.1,-7243.9
30/9/2008,-5537.7,-2933.8,-2954.0,-5046.6,-2123.1,-1438.6,-2382.0,-7081.6,-5202.8,-5635.0,-4558.8,-7570.2,-6729.9,-3597.1,-7283.7,-7698.6,-6363.3,-7327.2,-4440.5,-5906.1,-3498.4,-3604.3,-7679.6,-7541.7
31/10/2008,-5147.2,-3063.5,0.0,-4998.8,-2657.6,-1898.8,-1966.6,-6965.2,-5846.6,-7229.4,-5125.2,-4477.0,-6675.4,-4635.0,-7164.4,-7640.3,-6749.7,-8112.1,-4786.5,-5903.5,-3733.0,-3897.3,-7710.8,-7839.5
30/11/2008,-5102.1,-3009.3,0.0,-5075.4,-2967.0,-2130.4,-1503.0,-7813.9,-5821.9,-7585.9,-5238.4,-7705.7,-7130.1,-4352.7,-7687.3,-7889.0,-7333.9,-8012.7,-4280.6,-5855.0,-3605.2,-3903.1,-7514.5,-8582.4
31/12/2008,-3945.0,-3096.3,0.0,-5004.9,-2752.3,-2062.4,0.0,-7766.5,-5953.4,-7391.1,-5208.0,-7942.5,-7107.4,-4829.2,-7640.7,-7701.5,-7302.3,-7757.6,-4360.6,-5006.1,-3784.6,-3940.3,-7172.1,-8642.1
31/1/2009,-2190.3,-3082.1,-856.1,-5001.7,-2462.4,-2162.0,-1155.6,-7706.3,-5712.1,-6766.2,-5136.7,-7663.4,-6955.3,-4468.5,-7427.5,-7609.4,-7179.2,-8024.8,-767.5,-5025.8,-3683.2,-3859.6,-7115.5,-8414.2
28/2/2009,-4622.9,-2978.8,-2383.5,-5064.0,-2032.4,-1970.7,-1474.7,-7402.2,-5516.9,-6599.1,-4923.9,-7295.5,-7081.5,-4612.1,-7656.9,-7730.4,-7291.5,-8141.5,-3940.8,-4433.1,-3585.7,-3512.4,-7192.1,-8325.9
31/3/2009,-4605.0,-1614.4,-2194.4,-4851.7,-2514.6,-2139.9,-769.9,-7540.7,-5292.0,-5740.5,-4946.1,-7710.6,-7058.0,-4657.8,-7808.3,-7690.9,-7180.3,-8125.0,-3968.4,-4631.8,-3631.5,-3625.5,-6848.1,-7953.9
30/4/2009,-5079.2,-3654.0,-2422.4,-1971.2,-2558.6,-2150.1,-1526.8,-7463.5,-5212.5,-5840.7,-4689.2,-7456.0,-7006.8,-4593.8,-7719.8,-7676.1,-7120.5,-8019.1,-3059.1,-4630.0,-3650.0,-3658.8,-7019.4,-8257.4
31/5/2009,-5289.2,-3117.4,-2151.1,-4585.0,-2615.2,-2162.1,-1296.2,-7444.3,-5021.6,-5748.0,-4359.3,-7155.1,-7032.0,-4601.3,-7711.6,-7694.7,-6951.7,-8112.4,-614.1,-4258.3,-2928.6,-2819.7,-6934.6,-7870.0
30/6/2009,-4775.7,-3613.3,-2515.9,-4656.9,-2996.7,-2109.9,-1465.0,-7391.1,-4857.5,-5183.7,-4370.6,-7506.8,-6999.9,-4449.5,-7660.2,-7660.3,-6618.0,-8050.4,-0.3,-3395.6,-2979.6,-3666.7,-7481.0,-6809.6
31/7/2009,-3882.8,-2349.3,-1540.7,-3856.2,-813.7,-1753.1,-741.9,-4415.3,-2818.3,-2107.7,-2371.2,-5619.5,-4216.5,-3253.3,-3848.5,-4559.6,-3979.9,-4808.8,-43.4,-3428.9,-2269.0,-2715.4,-2113.3,-5623.3
31/8/2009,-4916.7,-3013.6,-1771.1,-4339.4,-2037.2,-1933.6,-987.6,-6966.6,-4991.9,-7446.2,-4872.8,-6472.7,-4520.0,-4451.6,-7648.2,-7583.5,-6684.6,-7992.3,-4051.3,-5767.2,-3021.4,-2759.2,-6901.6,-8012.8
30/9/2009,-5156.0,-2508.1,-2342.9,-5055.7,-2271.4,-1900.8,-770.6,-7458.1,-5047.2,-7405.4,-4483.5,-7468.6,-7660.9,-4851.9,-7410.2,-7423.9,-4536.7,-7714.4,-3995.0,-5886.1,-3277.5,-2146.1,-6739.2,-8148.8
31/10/2009,-4244.7,-2395.5,-1481.8,-4148.3,-1613.9,-1744.1,-1880.0,-6507.6,-4637.8,-6351.8,-3786.2,-6787.5,-6517.9,-1979.4,-5915.2,-5958.3,-6519.7,-6912.9,-2262.6,-5175.7,-2361.6,-2995.7,-6113.3,-5348.1
30/11/2009,-5036.0,-3596.5,-4817.8,-4894.8,-3335.2,-2061.7,-2328.9,-7840.3,-6063.3,-7757.8,-4213.3,-8721.5,-7925.2,-6055.4,-6649.4,-7881.5,-9049.2,-8802.1,-2312.3,-6237.6,-2587.6,-3979.0,-7547.0,-3661.1
31/12/2009,-3742.6,-2046.7,-1444.8,-4382.5,-1597.2,-1487.4,-1032.8,-6513.4,-5132.5,-6440.2,-3585.5,-7127.7,-6965.3,-5090.8,-6531.5,-6356.2,-8220.1,-7403.6,-2385.8,-5403.7,-1313.1,-2548.1,-4496.5,-7386.4
31/1/2010,-2439.8,-2893.0,-1992.2,-4484.0,-1772.7,-1947.1,-1465.9,-6916.0,-5262.7,-6506.9,-3839.8,-4286.4,-7227.6,-5023.4,-6136.0,-6301.7,-5313.2,-8043.9,-3714.4,-2851.9,-2734.5,-3270.2,-5872.1,-7691.2
28/2/2010,-3919.9,-2605.9,-2293.3,-4166.5,-2385.8,-1956.8,-1523.3,-6686.3,-5131.0,-6467.3,-3881.9,-7286.7,-7189.8,-2504.5,-6312.1,-6402.2,-6629.9,-8039.3,-3415.2,-622.4,-2465.7,-3107.5,-6023.0,-7764.8
31/3/2010,-4059.8,-1577.0,-1495.4,-4848.8,-834.5,-2129.4,-1070.7,-6120.6,-5228.5,-5091.5,-3624.1,-6124.8,-6632.6,-4048.2,-5111.2,-5408.1,-5555.6,-7870.5,-1946.9,-157.1,-1905.9,-2023.1,-4070.2,-8138.2
30/4/2010,-4602.4,-2695.3,-2083.0,-4564.2,-669.5,-2058.3,-1387.8,-5995.9,-5271.0,-6063.2,-4031.9,-7726.7,-6832.7,-5181.5,-6150.0,-6600.7,-6905.9,-7642.9,-2932.2,-406.9,-2115.7,-3002.5,-6459.6,-7895.8
31/5/2010,-4747.6,-3269.2,-1940.2,-4848.2,-1499.8,-2217.0,-1425.5,-5694.8,-5006.5,-6264.5,-3677.8,-7057.7,-7295.2,-5601.6,-4889.3,-6707.4,-6912.4,-7968.2,-2051.0,-6840.4,-2404.1,-2145.9,-6321.9,-7864.9
30/6/2010,-4877.9,-2690.0,-1668.0,-4383.8,-2174.0,-1921.3,-1154.2,-5089.3,-4862.5,-4600.2,-2581.4,-7075.7,-4959.7,-5137.4,-4963.2,-5222.3,-5306.0,-6842.9,-2400.5,-5104.1,-2129.0,-1070.1,-3741.1,-7139.3
31/7/2010,-4597.7,-2990.5,-1979.9,-4444.9,-2283.1,-2040.7,-1378.2,-5134.9,-4618.6,-5525.0,-2305.1,-7004.8,-1249.1,-4214.5,-6365.8,-6128.8,-6051.6,-6845.2,-2261.9,-5655.6,-1977.2,-2011.4,-5693.5,-6817.6
31/8/2010,-5410.3,-3340.9,-1423.5,-4807.4,-1855.7,-2104.5,-1087.6,-2850.5,-4471.5,-5697.0,-3550.9,-5841.3,-3342.4,-4137.9,-6202.2,-6601.0,-7759.8,-7348.4,-3651.0,-4971.5,-2709.2,-2537.9,-6614.5,-7111.1
30/9/2010,-5340.1,-2726.5,-1432.6,-4810.0,-1719.7,-2154.4,-1439.3,-615.1,-4583.4,-5554.9,-3356.5,-5882.3,-6230.5,-4625.9,-5207.0,-6022.3,-7160.7,-7830.6,-4581.8,-5295.8,-2884.1,-2599.8,-6928.3,-6971.0
31/10/2010,-5146.1,-896.5,-1537.0,-4339.1,-1831.9,-2088.4,-1287.5,-8079.3,-4678.9,-6106.8,-2969.1,-7035.4,-5889.6,-4303.4,-4988.6,-6115.4,-6998.8,-8109.5,-4105.3,-4843.8,-2510.9,-2755.9,-6859.0,-6727.2
30/11/2010,-5355.5,-1962.7,-1420.7,-1934.0,-1886.9,-1973.7,-1277.1,-6793.2,-4620.3,-6240.6,-3266.2,-7177.8,-7017.5,-5024.4,-5883.1,-7110.0,-7600.2,-8096.4,-4374.0,-5658.4,-2287.1,-2481.9,-7001.2,-6202.4
31/12/2010,-5234.5,-3420.8,-2068.4,-3797.9,-2064.4,-2105.3,-1463.8,-6695.6,-4921.7,-6948.6,-3412.5,-7421.3,-7393.0,-5034.3,-7231.2,-6978.4,-7167.5,-7971.6,-4427.0,-2385.9,-2811.0,-2976.4,-6647.7,-6246.7
31/1/2011,-5301.3,-2067.9,-1593.6,-4658.1,-1711.3,-1339.4,-1299.3,-5665.0,-4504.5,-6531.1,-3201.6,-6570.1,-6141.5,-5230.6,-6819.9,-6007.4,-6688.3,-7492.2,-4187.9,-3539.5,-2860.4,-2377.4,-7051.2,-2689.1
28/2/2011,-5122.3,-205.7,-1770.2,-4737.7,-1722.8,-1019.5,-1314.5,-7018.1,-4621.3,-6732.2,-3252.4,-7410.6,-5579.1,-5422.6,-6965.7,-6779.8,-7477.7,-7924.0,-4402.1,-4253.9,-2978.1,-584.0,-6729.5,0.0
31/3/2011,-4994.3,-3173.6,-1552.2,-4504.8,-1364.8,-1339.9,-1521.4,-6307.8,-4262.4,-6235.9,-2890.9,-7246.0,-6358.5,-5043.2,-6132.4,-5935.7,-7073.8,-6840.3,-4237.5,-3694.2,-2057.5,-2276.5,-6077.9,0.0
30/4/2011,-5269.5,-3379.0,-2069.8,-4576.1,-1450.8,-1486.0,0.0,-6300.8,-4323.5,-6799.9,-3498.6,-8060.0,-7119.2,-4734.6,-6885.2,-6698.4,-5621.1,-7966.3,-4518.3,-3966.2,-2313.6,-2366.5,-7005.6,0.0
31/5/2011,-5323.5,-3487.2,-1873.6,-4884.3,-2080.2,-1459.1,-52.5,-6743.2,-4129.9,-5368.5,-3927.4,-7411.1,-7094.9,-4825.2,-6497.6,-6659.6,-5864.5,-7034.4,-4418.3,-4476.3,-3208.8,-2978.3,-7147.0,0.0
30/6/2011,-5151.4,-3467.6,-1894.1,-4566.6,-1714.8,-1431.4,-838.1,-5772.0,-3240.0,-6362.3,-3521.5,-7116.1,-7208.4,-4755.6,-6540.7,-6080.6,-5429.0,-6933.3,-4211.6,-4029.4,-2793.3,-2530.1,-6933.2,0.0
31/7/2011,-4556.8,-1623.0,-931.2,-1927.5,-1069.9,-1142.7,-751.2,-2602.7,-555.4,-2012.4,-1441.7,-2690.2,-3640.8,-1629.1,-2225.2,-2189.6,-2311.2,-3657.5,-2999.2,-2046.2,-1652.1,-1146.0,-4941.0,-1069.8
31/8/2011,-3807.7,-1361.4,-1127.3,-2279.9,-933.6,-1303.6,-203.7,-2439.1,-128.9,-1820.9,-1214.1,-3469.7,-3532.7,-865.9,-560.8,-2869.7,-1951.4,-5503.3,-2215.9,-2705.2,-1587.0,-1317.7,-3498.1,-2681.9
30/9/2011,-5306.8,-3043.7,-1062.6,-2563.5,-1457.3,-2015.5,-796.0,-3912.1,0.0,-2201.1,-867.8,-4975.7,-5780.1,-2508.8,-1148.0,-3773.7,-2589.4,-7725.2,-3813.8,-3947.6,-2002.8,-2095.5,-4927.3,-4579.2
31/10/2011,-5042.6,-3310.5,-1560.9,-2538.0,-1816.8,-2184.1,-1257.9,-4262.1,-8.3,-4429.3,-86.6,-6486.8,-7355.7,-3999.4,-5595.4,-4593.8,-4988.2,-6377.3,-3867.1,-3973.4,-2665.1,-224.9,-950.4,-6679.2
30/11/2011,-5231.6,-3231.1,-2223.9,-2612.2,-2430.1,-2170.4,-1417.7,-6690.1,-119.7,-6404.7,-1702.7,-7598.7,-7233.9,-1903.8,-6849.4,-6464.0,-5900.3,-7467.8,-3975.9,-5155.8,-2922.0,-218.7,-6545.9,-7486.8
31/12/2011,-5200.0,-3584.6,-2431.0,-4867.9,-2425.9,-2112.3,-1370.4,-7029.6,0.0,-7068.2,-6757.0,-8057.0,-7133.5,-3779.5,-6946.9,-6851.3,-6500.0,-7343.7,-3783.2,-5421.9,-3414.3,-3279.2,0.0,-5876.7
31/1/2012,-4993.5,-3062.3,-2397.5,-4805.1,-1969.7,-1649.8,-921.3,-6935.8,-31.7,-6438.0,-6476.6,-6929.0,-6127.0,-2555.2,-5567.0,-6050.8,-6786.8,-6832.1,-3726.5,-5390.4,-2795.6,-1615.3,-1372.8,-1238.8
29/2/2012,-5078.6,-3217.6,-2586.1,-4546.0,-2310.9,-1853.9,-65.1,-6767.4,-5794.4,-6568.3,-6379.5,-4756.2,-6901.1,-150.0,-5684.5,-6500.9,-7693.5,-7019.4,-3996.8,-5096.2,-3148.3,-72.7,-7053.2,0.0
31/3/2012,-5131.1,-3371.0,-2635.1,-3941.4,-2538.7,-1878.2,-1773.1,-6550.8,-6008.6,-6775.8,-6276.3,-7019.6,-6788.0,-4389.2,-7339.0,-6847.5,-7769.1,-7635.6,-4495.0,-4844.9,-3175.0,-2198.1,-6491.5,0.0
30/4/2012,-5146.3,-3386.7,-2551.0,-3006.8,-2102.2,-1579.2,-1869.4,-6273.8,-5762.4,-6553.0,-6461.3,-7719.9,-6549.1,-4938.8,-6718.3,-6122.7,-7608.5,-7317.0,-4215.3,-5541.3,-2940.7,-3519.5,-6357.7,0.0
31/5/2012,-5056.2,-3301.5,-2615.4,-1346.8,-2249.1,-2175.4,-134.3,-6369.4,-5683.3,-6624.9,-6405.5,-7577.0,-6847.6,-5151.8,-496.6,-6577.9,-7315.3,-7400.2,-4224.9,-5501.1,-2997.7,-3282.8,-6735.8,0.0
30/6/2012,-4886.2,-2954.6,-1866.6,-883.5,-2034.0,-2075.0,-2035.9,-6213.1,-5164.9,-7204.4,-5759.3,-5647.8,-5849.9,-5070.0,-7459.3,-5506.8,-6132.0,-5502.8,-3131.1,-5081.7,-2794.2,-2609.3,-6048.3,0.0
31/7/2012,-4929.8,-2256.7,-2867.4,-3845.2,-1634.8,-1779.4,-1371.0,-5111.3,-3674.8,-1339.3,-3931.9,-2023.9,-3517.8,-4568.0,-4280.4,-4033.0,-2637.4,-4531.4,-3111.4,-3615.4,-2074.1,-1665.5,-4480.5,0.0
31/8/2012,-4801.1,-2778.2,-2149.9,-4062.5,-1647.2,-1454.8,-1164.2,-6101.7,-5202.9,-4971.0,-6169.3,-7580.4,-6030.4,-5539.4,-6457.0,-6650.7,-6320.3,-5696.7,-3698.5,-4791.4,-2089.0,-2562.1,-10437.2,0.0
30/9/2012,-2259.1,-2514.3,-2352.9,-4641.1,-2310.0,-1591.1,-1163.8,-6345.8,-4837.4,-6243.9,-6250.4,-7297.6,-6537.7,-3715.3,-7217.5,-6768.9,-7305.4,-7595.7,-4059.4,-5685.6,-3312.6,-1904.1,-6023.9,0.0
31/10/2012,-4342.3,-3046.8,-2592.6,-4784.6,-2372.8,-1683.3,-1001.1,-6121.4,-1701.7,-6040.7,-6078.9,-2797.1,-6931.1,-4494.4,-6976.2,-6818.5,-7075.7,-7026.6,-4289.9,-6212.2,-2155.7,-2932.4,-6396.0,0.0
30/11/2012,-4157.6,-2879.3,-2425.6,-1748.3,-2227.6,-1633.1,-1085.9,-5947.0,-5035.8,-6195.0,-6179.8,-7767.9,-6724.8,-3296.1,-7293.6,-6757.2,-6685.8,-1734.4,-4126.9,-5985.5,-76.6,-2976.2,-6458.9,0.0
31/12/2012,-4540.6,-2813.7,-2599.2,-7677.2,-2136.1,-1560.1,-1880.3,-5556.0,-2645.2,-6269.9,-6226.3,-6777.5,-7099.7,-5416.4,-7660.4,-6845.9,-6366.2,-7844.5,-4546.0,-6209.6,-1659.5,-2820.3,-5915.6,0.0
31/1/2013,-4513.9,-2520.7,-2661.0,-5175.2,-2299.3,-1723.2,-1542.6,-5108.1,-6117.3,-6145.8,-6375.7,-7384.5,-6984.0,-5262.1,-7523.7,-6717.1,-7120.7,-7363.0,-4442.0,-6455.6,-3593.8,-2814.9,-6852.2,0.0
28/2/2013,-4126.5,-2551.9,-2649.3,-4979.9,-1890.5,-1655.6,-1689.4,-4857.1,-5397.6,-5426.7,-5713.4,-5969.3,-5702.0,-4322.0,-6666.3,-5709.2,-6808.1,-6176.3,-4168.8,-5786.0,-3109.6,-2360.1,-6623.6,0.0
31/3/2013,-4474.2,-3315.4,-2703.4,-5089.0,-2562.8,-1683.8,-1965.4,-3899.3,-6104.8,-5793.1,-6210.9,-7745.1,-6968.6,-5536.2,-7594.1,-6700.9,-7152.5,-8269.3,-3707.2,-6307.0,-3493.5,-2016.9,-6722.7,0.0
30/4/2013,-4010.9,-3509.3,-2692.0,-5085.5,-2711.4,-1668.4,-1422.0,-5912.5,-6090.3,-5553.1,-6197.9,-7574.4,-6950.1,-5506.4,-7544.8,-6614.4,-7111.2,-6845.4,-4453.0,-5811.3,-3877.0,-3639.4,-6633.5,0.0
31/5/2013,-4438.2,-3524.7,-2680.5,-5065.4,-2644.4,-1654.5,-2248.2,-5679.0,-5830.2,-4531.4,-5972.4,-7634.1,-6490.3,-5415.5,-7312.8,-6329.6,-6959.6,-7198.1,-4209.4,-6218.5,-3714.6,-3637.7,-6553.8,0.0
30/6/2013,-4341.9,-3352.6,-2611.3,-3964.8,-2466.7,-1578.2,-1330.4,-5606.5,-5872.1,-2320.1,-6070.2,-7442.5,-6691.3,-5229.7,-5639.6,-6525.1,-7003.0,-7529.8,-3655.6,-5910.6,-3638.1,-3892.2,-6458.2,0.0
31/7/2013,-3904.8,-591.1,-2541.7,-3649.8,-2220.5,-1635.5,-1233.6,-5233.4,-5358.9,-4826.5,-5616.5,-7104.3,-5803.4,-4547.8,-5782.0,-6435.7,-6854.7,-6905.2,-4575.8,-5555.7,-3142.9,-3339.8,-6107.0,0.0
31/8/2013,-4201.4,-2752.6,-2713.2,-4584.0,-2403.1,-1669.7,-1925.4,-5835.1,-6032.7,-6655.2,-6171.1,-7543.0,-6633.1,-5292.1,-6876.3,-6392.8,-7120.3,-4836.1,-4660.0,-5982.8,-3583.6,-3529.8,-6577.8,0.0
30/9/2013,-4345.0,-3580.9,-2690.2,-4705.5,-2365.5,-1643.6,-988.8,-5691.1,-6000.8,-6870.5,-6114.4,-7647.9,-6886.3,-5346.9,-7212.5,-6328.2,-6290.1,-7365.1,-3998.0,-6178.2,-3662.6,-3809.3,-6590.3,0.0
31/10/2013,-5529.8,-3383.6,-2737.5,-3240.8,-2425.1,-1507.7,-1051.3,-5150.0,-5672.7,-6230.6,-5944.0,-7514.1,-6363.3,-5014.3,-6116.5,-6152.3,-6156.4,-6782.9,-3275.4,-5886.6,-3295.9,-3555.0,-6179.3,0.0
30/11/2013,-4691.2,-3552.8,-2763.1,-4820.0,-2811.9,-1556.4,-693.1,-5119.9,-5834.7,-6632.5,-6243.2,-7506.3,-6781.1,-5365.0,-6497.6,-6314.2,-6254.9,-7112.7,-4148.1,-6114.7,-3626.6,-3944.6,-6520.2,0.0
31/12/2013,-4573.3,-3641.7,-2873.3,-3970.5,-2795.7,-1581.3,-2319.1,-5313.9,-5752.4,-6846.5,-4355.7,-7619.4,-6853.4,-5353.9,-6728.4,-6144.0,-6023.2,-7086.9,-4059.1,-6144.6,-3669.1,-3959.6,-6562.8,0.0
31/1/2014,-4446.0,-3407.4,-2061.2,-2638.1,-2620.3,-1513.7,-2156.0,-4864.8,-5556.3,-6454.7,-6138.1,-7301.4,-6369.4,-5051.6,-7118.0,-5971.9,-5911.4,-6655.3,-3973.0,-5857.2,-3468.6,-3671.7,-6118.8,0.0
28/2/2014,-3293.8,-3657.4,-2621.3,-3225.5,-2841.5,-1642.2,-2375.7,-5229.4,-5762.6,-7019.7,-6483.6,-7869.1,-6977.8,-5394.4,-7777.3,-6170.8,-6471.4,-7213.5,-4276.2,-6276.6,-3760.9,-4032.0,-6562.7,0.0
31/3/2014,-4316.9,-3563.0,-2885.5,-4788.4,-2740.4,-1602.0,-2223.7,-5063.7,-5033.5,-6790.5,-6306.0,-7584.8,-6726.3,-5268.5,-7356.9,-5971.5,-6250.2,-7066.1,-4123.9,-6100.1,-3652.0,-3327.2,-6452.5,0.0
30/4/2014,-4292.6,-3533.5,-2551.5,-1137.0,-2706.0,-1600.9,-2169.1,-4954.2,-4390.8,-6849.3,-6402.0,-7738.0,-6780.0,-5177.3,-7647.5,-5841.4,-6153.0,-7079.2,-4176.7,-6113.4,-3689.8,-3507.3,-6446.4,0.0
31/5/2014,-4219.0,-3375.9,-3102.0,-3623.0,-2602.2,-1542.6,-2407.7,-4651.3,-5372.7,-6436.6,-6271.6,-7384.0,-6529.4,-4620.0,-7334.9,-5593.4,-5914.9,-6835.3,-4119.7,-5613.0,-3540.4,-3838.3,-6176.2,0.0
30/6/2014,-4005.8,-3353.0,-2892.5,-2395.8,-2580.1,-1520.8,-2366.3,-4110.2,-5635.1,-6429.6,-6110.1,-7429.0,-6460.1,-5045.6,-7078.5,-5544.2,-5900.7,-5372.6,-4290.4,-6176.2,-3498.6,-3856.0,-6219.8,0.0
31/7/2014,-4080.8,-3356.8,-1471.1,-3585.6,-2594.6,-1551.4,-2363.7,-4306.0,-5557.7,-6423.5,-6239.2,-7508.7,-6453.8,-5030.5,-6506.0,-5329.3,-5886.3,-7010.3,-4297.6,-6269.7,-3540.7,-3606.5,-6281.7,0.0
31/8/2014,-4247.4,-3409.8,0.0,-4650.0,-2476.5,-1584.9,-2453.8,-4390.7,-5646.7,-6647.2,-6481.1,-7784.6,-6669.3,-5186.3,-6686.0,-5437.4,-5930.0,-7976.7,-4393.9,-6486.0,-3629.5,-3990.5,-6442.2,0.0
30/9/2014,-4275.3,-3401.8,0.0,-2332.0,-2469.8,-1594.0,-2278.7,-4388.3,-5344.4,-6623.9,-6481.4,-7771.9,-6641.0,-5196.8,-6617.3,-5308.3,-5813.7,-7841.1,-4411.0,-4377.1,-3609.5,-4001.0,-6436.5,0.0
31/10/2014,-4257.5,-3406.6,-2479.9,-4669.3,-2510.9,-1572.3,-1974.2,-4332.8,-5553.4,-6614.0,-6429.3,-7653.7,-6600.4,-5170.9,-7359.8,-5188.6,-5711.5,-8279.8,-4367.1,-3441.7,-3596.1,-3982.1,-6055.0,-6865.5
30/11/2014,-4223.2,-3398.0,-4219.7,-4960.5,-2410.2,-1545.5,-1629.2,-4276.1,-5515.9,-6592.7,-6445.7,-7700.7,-6561.8,-5141.3,-7542.7,-5109.2,-5604.0,-8248.0,-4333.3,-3774.2,-3502.3,-3932.7,-5853.9,-8044.0
31/12/2014,-4166.2,-3299.8,-4071.3,-3374.5,-2295.6,-1520.5,-1548.0,-4150.0,-5262.5,-6397.9,-6244.1,-7023.7,-6332.7,-4871.8,-7503.7,-6389.1,-7033.3,-8015.4,-4278.7,-3708.6,-3431.8,-3832.6,-4703.3,-7956.4
31/1/2015,-4089.4,-3294.6,-4243.8,-4413.7,-2314.8,-1345.5,-2254.0,-4213.3,-5074.1,-6481.4,-6328.3,-7327.4,-6382.6,-5355.1,-7714.9,-7754.7,-8656.9,-8143.9,-4287.1,-4164.3,-3384.1,-3702.3,-7260.7,-8113.8
28/2/2015,-4226.4,-3296.2,-4264.3,-4531.9,-2261.5,-141.8,-2237.0,-4163.5,-4778.5,-6473.7,-6274.9,-7391.8,-6356.4,-5310.5,-7557.0,-7774.2,-8612.0,-8061.4,-4288.4,-4367.3,-3306.4,-3775.6,-7294.3,-8111.9
31/3/2015,-3825.4,-1600.2,-3884.7,-4051.3,-2028.9,-1815.6,-1901.5,-3777.7,-1928.6,-5867.8,-5843.3,-7371.5,-5707.4,-4752.8,-6639.2,-6893.6,-7656.9,-7228.4,-3862.8,-3887.2,-3026.2,-3376.1,-6444.3,-7362.2
30/4/2015,-4210.7,-2029.9,-4322.8,-4694.1,-2221.6,-1981.1,-2173.9,-4061.4,-4818.3,-6512.5,-6090.9,-6613.1,-4422.7,-5272.7,-6807.4,-7346.1,-8541.5,-8013.1,-4242.8,-3924.6,-3313.6,-3693.8,-6982.6,-8075.5
31/5/2015,-4003.8,-3269.6,-4306.9,-4493.2,-2219.6,-1991.1,-2173.4,-4188.8,-5871.5,-3550.8,-6000.4,-8343.0,-3915.2,-5269.5,-7599.5,-7590.0,-7809.2,-7756.9,-4206.3,-4240.0,-3344.9,-3613.6,-6857.1,-8044.0
30/6/2015,-3990.0,-3195.4,-4209.8,-2633.9,-2146.3,-1927.7,-2089.7,-4029.9,-5369.2,-5845.9,-5731.9,-8069.1,-3336.6,-5049.0,-7403.9,-7379.8,-8263.2,-7798.7,-4093.0,-4387.2,-3205.1,-3671.0,-6638.8,-7848.9
31/7/2015,-3680.8,-2899.4,-3882.1,-4393.0,-1977.4,-1806.4,-1915.6,-3538.7,-4963.8,-5058.9,-5532.6,-7020.7,-6603.7,-4652.8,-6802.6,-6462.9,-7389.4,-7035.7,-3753.5,-3289.5,-2921.7,-3335.8,-6030.9,-7168.9
31/8/2015,-4096.4,-3222.1,-4356.4,-4924.6,-2317.9,-2227.2,-2099.0,-3819.6,-5655.2,-5503.9,-6252.6,-7881.0,-6814.2,-5233.2,-7517.2,-7515.6,-8429.2,-7706.8,-4138.9,-3449.6,-3239.7,-3630.0,-6704.8,-7951.6
30/9/2015,-4060.7,-3227.2,-4394.2,-4854.0,-2335.0,-2225.8,-2124.4,-3832.2,-5578.2,-7711.9,-6049.2,-7738.0,-8311.5,-5178.0,-7554.0,-7486.7,-8459.9,-7509.2,-4174.8,-4250.9,-3231.0,-3611.8,-1864.5,-7969.0
31/10/2015,-3992.2,-3203.8,-4375.0,-4815.5,-2329.3,-2167.6,-2093.7,-3791.2,-5614.1,-7714.4,-6168.4,-7743.6,-8350.2,-5169.5,-7592.9,-7495.1,-8480.6,-7427.2,-4150.6,-3810.5,-3086.2,-3552.8,-6127.1,-7943.6
30/11/2015,-3916.5,-2933.7,-4292.0,-4754.3,-1823.8,-1889.8,-2081.0,-3549.5,-5452.0,-7461.0,-5810.7,-7522.0,-8193.9,-4875.8,-7498.0,-6800.9,-7920.9,-7357.4,-3878.5,-4143.7,-2375.8,-3131.0,-7099.8,-7794.2
31/12/2015,-3959.0,-3045.3,-3836.9,-4375.7,-1702.3,-1779.0,-1925.5,-3448.8,-5562.1,-7534.6,-5803.1,-7684.9,-6537.6,-4551.1,-7555.1,-5575.5,-8359.3,-7443.6,-3850.7,-4145.5,-3274.9,-3053.0,-6059.6,-7892.2
31/1/2016,-3868.7,-2658.2,-3353.1,-4543.8,-2205.6,-1827.5,-1698.3,-3182.0,-5485.2,-7529.5,-6213.6,-7754.6,-8121.0,-5141.3,-7487.4,-7043.7,-8536.8,-7385.3,-3906.0,-4351.5,-3277.1,-3291.1,-7242.6,-7907.6
29/2/2016,-3862.2,-3026.8,-4096.1,-4276.3,-2031.1,-1976.8,-1344.3,-2895.6,-5325.1,-7324.8,-5960.1,-7736.9,-7714.1,-4978.9,-7140.9,-6878.3,-8302.9,-7198.7,-3829.4,-4229.2,-3185.4,-3319.0,-7009.4,-7678.2
31/3/2016,-3972.3,-3273.4,-4331.9,-4374.3,-2410.6,-2023.7,-2451.4,-2734.2,-5807.2,-7484.0,-6221.3,-7876.9,-7998.5,-4771.6,-6998.8,-6999.1,-8356.5,-7353.3,-3989.6,-4279.9,-3234.4,-3332.8,-7484.7,-7781.6
30/4/2016,-3929.3,-3259.9,-4400.1,-3978.0,-2276.7,-1938.2,-2348.6,-1882.8,-5486.8,-7399.4,-5677.8,-6671.8,-7950.9,-4988.3,-5294.5,-6245.2,-8098.1,-7096.1,-3448.3,-4224.0,-3220.4,-2949.5,-7279.6,-7730.9
31/5/2016,-4139.7,-3113.3,-4138.6,-4282.1,-2222.6,-1956.0,-2373.7,-3984.8,-5443.8,-7237.0,-6034.7,-6579.1,-7999.0,-4688.6,-5381.4,-7067.3,-8250.1,-4931.0,-2823.0,-4205.1,-3083.5,-3244.8,-7406.9,-7716.9
30/6/2016,-4059.4,-3049.7,-4060.9,-4457.3,-2486.0,-2013.0,-2399.1,-4580.0,-5478.6,-6858.8,-6073.7,-7377.6,-7709.8,-4944.7,-6941.0,-1877.9,-7962.9,-7777.7,-2849.4,-4010.8,-3197.6,-3171.8,-7146.8,-7615.9
31/7/2016,-2733.3,-3052.2,-4031.5,-4013.9,-2151.2,-1803.9,-2022.7,-3740.8,-4408.6,-6114.0,-5071.8,-5446.0,-6291.1,-4258.5,-6025.7,-7662.6,-5609.6,-6064.2,-3591.2,-3934.1,-3266.9,-2806.0,-7190.2,-7538.0
31/8/2016,-3792.3,-3156.7,-3876.7,-4777.3,-1900.6,-1819.4,-2002.0,-4541.0,-5114.9,-7190.3,-5276.2,-5963.5,-5155.5,-4862.1,-7039.1,-7353.5,-7769.1,-7547.4,-4194.5,-3685.9,-2874.2,-2701.7,-4428.6,-5283.4
30/9/2016,-3897.3,-3416.8,-4092.5,-4541.7,-2181.2,-2187.5,-2252.0,-4474.3,-5400.8,-6676.6,-5370.4,-6793.8,-7828.4,-4908.2,-6998.8,-8029.5,-7023.8,-7144.8,-4243.8,-4113.7,-3308.1,-3022.6,-7221.8,-7589.1
31/10/2016,-3357.6,-3077.2,-3296.1,-3911.6,-2081.4,-2200.3,-2128.7,-4065.9,-4623.6,-4604.3,-5501.1,-5855.4,-8055.1,-4664.4,-5972.6,-7256.9,-6385.1,-7125.8,-3468.9,-3483.4,-2906.7,-2599.8,-7196.6,-6833.6
30/11/2016,-3948.4,-3331.3,-3959.0,-4705.9,-2510.2,-2539.8,-2301.5,-4607.6,-5387.6,-6587.9,-5328.0,-7167.8,-8015.4,-4877.1,-6680.1,-8147.4,-7042.8,-3913.1,-4283.8,-3051.8,-3299.0,-3034.8,-6975.8,-7286.0
31/12/2016,-4086.1,-3384.8,-4087.7,-4721.5,-2309.0,-2529.9,-1892.7,-4086.0,-4322.2,-6266.2,-4803.0,-7337.9,-7371.6,-4556.8,-6384.0,-7958.9,-6645.1,-7409.1,-4293.5,-3503.6,-3294.6,-2400.0,-6890.9,-7513.0
31/1/2017,-3773.1,-2858.4,-3686.0,-3795.9,-2224.8,-2198.3,-2031.3,-3925.6,-4018.4,-5299.9,-5350.9,-5381.0,-6855.2,-4530.6,-6170.2,-3269.1,-5703.9,-6694.6,-3939.2,-3258.1,-2899.8,-2646.1,-6405.4,-6934.8
28/2/2017,-2502.1,-2101.0,-2665.3,-2731.6,-559.8,-1818.8,-1497.1,-2524.1,-3403.1,-3562.8,-4344.7,-2009.0,-4762.4,-2564.2,-4089.3,-6419.7,-2450.1,-5457.9,-2000.3,-2014.2,-3057.4,-1790.6,-3467.0,-5212.9
31/3/2017,-4269.9,-2989.6,-1349.2,-4414.2,0.0,0.0,-646.4,-3027.5,-5369.4,-4962.7,-5094.4,-235.6,-7415.9,-3012.0,-5710.7,-1147.5,0.0,-2590.6,-3683.5,-4157.4,-2588.1,-2588.8,-4472.4,-7272.6
30/4/2017,-4183.5,-2892.6,-201.9,-3804.3,-726.1,-1105.5,-2084.3,-3049.9,-5088.8,-3114.4,-5252.3,-3546.3,-6846.5,-4303.9,-5740.8,-7779.8,-6112.0,-5750.5,-2846.4,-2787.9,-2380.5,-2531.0,-6198.4,-6666.1
31/5/2017,-3761.9,-3322.9,-3146.5,-2803.6,-2380.0,-1075.0,-1849.3,-4346.4,-5158.6,-5865.7,-5099.7,-3916.8,-6838.4,-4077.9,-4451.3,-7915.3,-6547.4,-6996.5,-3317.6,-3907.5,-2158.4,-2653.0,-6273.7,-7013.6
30/6/2017,-4011.6,-3249.4,-3918.9,-3287.9,-1732.8,-635.5,-1429.1,-5453.2,-5515.0,-5503.1,-4986.0,-3085.2,-7302.4,-4921.6,-3679.5,-4652.3,-3494.0,-5215.3,-4119.8,-3639.4,-476.1,-2786.2,-6132.8,-7237.7
31/7/2017,-3188.2,-2216.2,-2431.7,-684.2,-1235.5,-546.1,-1265.3,-3944.1,-4494.4,-3875.6,-1327.9,-2356.1,-5303.8,-3511.0,-6338.3,-5174.6,-4142.3,-5752.6,-2941.9,-1606.0,-7.6,-1178.4,-4457.5,-6266.3
31/8/2017,-2683.6,-2073.3,-3380.3,-2620.7,-2011.4,-878.1,-1587.2,-4681.0,-4563.0,-5950.5,-4017.6,-2610.1,-6055.9,-3876.9,-5409.7,-5359.1,-5060.6,-5322.7,-3624.7,-2242.9,-1986.2,-2679.1,-5033.3,-6141.7
30/9/2017,-4012.4,-3521.1,-3973.3,-4252.1,-2990.0,-1607.8,-327.1,-4676.5,-4791.2,-5330.6,-5225.3,-7063.2,-5581.7,-4889.9,-6334.4,-7162.4,-6470.0,-6055.2,-4195.6,-4024.7,-3655.1,-3396.1,-6914.4,-7083.5
31/10/2017,-4051.3,-3094.8,-3949.0,-4490.4,-3090.2,-1572.6,-1828.7,-4875.3,-5209.7,-6315.7,-5935.6,-6569.0,-7637.1,-4808.7,-6995.2,-8134.5,-7474.8,-7756.1,-4167.5,-3670.6,-3446.2,-3417.3,-6795.0,-6998.9
30/11/2017,-2877.1,-3256.4,-4008.9,-4466.2,-2945.5,-1596.3,-2160.7,-4335.4,-5259.4,-6132.3,-5704.6,-5484.7,-7469.1,-4776.1,-6810.5,-7528.6,-7216.1,-7454.5,-4066.0,-3796.4,-3496.3,-3409.3,-6797.1,-7093.7
31/12/2017,-5158.1,-3217.8,-4043.3,-4562.0,-2982.7,-1690.1,-2425.0,-4219.8,-5458.6,-5800.7,-5844.3,-7490.9,-7483.5,-4580.3,-7097.0,-8197.3,-7723.7,-7822.3,-3932.5,-3553.8,-3856.2,-3372.1,-6841.5,-3838.4
31/1/2018,-5522.4,-3329.7,-4161.1,-4728.0,-3209.6,-1724.2,-2070.6,-4057.5,-5574.4,-6320.9,-5780.7,-7467.8,-7402.5,-4463.1,-7241.9,-8344.6,-8227.3,-7992.4,-4094.1,-3547.3,-3790.1,-3489.1,-7099.5,-8266.5
28/2/2018,-5138.4,-3063.7,-3627.4,-4272.7,-2798.4,-1607.2,-771.8,-3756.8,-2547.5,-6298.0,-5445.0,-7095.8,-6783.1,-4616.3,-6416.5,-8005.8,-7676.0,-7619.3,-3867.8,-3298.9,-3611.9,-3495.6,-6703.6,-7939.8
31/3/2018,-5116.3,-2982.3,-3767.8,-2496.9,-2917.8,-1609.4,-1509.4,-3836.2,-5540.1,-6160.4,-5473.6,-6974.7,-6866.4,-4445.3,-6805.7,-8060.0,-8110.6,-7653.1,-3762.9,-3264.6,-3675.4,-3450.7,-6551.8,-6619.7
30/4/2018,-5380.1,-1800.6,-4029.3,-3095.8,-2993.5,-1678.7,-2220.2,-3806.5,-5538.6,-6406.7,-5361.3,-7457.1,-6780.7,-4619.3,-6841.4,-8042.2,-7622.2,-7617.9,-4005.0,-3486.6,-3859.1,-3608.3,-6774.8,-6017.0
31/5/2018,-5359.4,-1319.8,-4017.4,-3431.1,-3012.9,-1687.7,-2553.3,-3733.6,-5502.4,-6469.8,-5374.2,-7268.1,-6450.1,-4673.3,-6795.1,-8026.8,-7986.5,-7635.8,-4020.8,-3707.8,-3793.5,-3563.3,-6785.5,-7895.8
30/6/2018,-5321.9,-3582.9,-4076.8,-3825.9,-3169.2,-1978.9,-2447.0,-3647.7,-3647.7,-6357.7,-5420.1,-6893.5,-6130.3,-4646.9,-6612.3,-8040.8,-7684.2,-7649.2,-4013.9,-3487.7,-3785.5,-3546.7,-6765.9,-7820.2
31/7/2018,-5003.6,-919.4,-3646.3,-3313.1,-2842.0,-1614.8,-1913.7,-3102.6,-5143.5,-5092.8,-5075.1,-6845.7,-4156.9,-4152.9,-6179.1,-7334.4,-5781.7,-6540.0,-3874.5,-2272.7,-3591.9,-3332.8,-6218.2,-4219.8
31/8/2018,-5370.0,-1496.0,-4051.5,-1793.5,-3085.3,-1773.5,-2443.9,-3707.5,-5373.2,-4916.6,-5491.9,-4702.3,-4536.0,-4704.2,-6546.7,-3639.1,-5727.3,-7790.5,-4065.1,-3528.3,-3909.2,-3455.7,-6858.0,-5557.1
30/9/2018,-5444.7,-3778.1,-4095.2,-984.5,-3108.6,-1851.3,-2497.4,-3747.7,-5617.0,-2304.8,-5224.8,-4947.0,-631.5,-4401.9,-6792.8,-7777.0,-225.8,-7831.0,-4064.8,-3627.4,-3699.5,-3440.6,-6490.0,-7891.5
31/10/2018,-5316.3,-3424.6,-3908.5,-2283.8,-2968.9,-1757.4,-2381.8,-3659.0,-5404.4,-6570.4,-5220.0,-1650.3,0.0,-4505.2,-6513.4,-7128.7,-5817.9,-6894.5,-3973.3,-3562.8,-3603.2,-3373.5,-6775.2,-7696.1
30/11/2018,-5422.8,-3673.8,-2182.5,-1798.9,-2860.6,-1816.2,-2480.1,-3631.4,-5550.8,-7154.6,-5221.7,-5328.3,-1924.7,-4446.4,-6462.8,-7352.5,-8036.4,-7756.6,-4021.5,-3485.5,-3887.7,-3425.3,-6996.5,-7783.0
31/12/2018,-5589.3,-3558.3,-4099.5,-713.1,-2978.2,-1714.5,-2490.5,-3511.4,-5473.1,-7026.0,-5208.2,-5698.5,-8440.8,-4634.4,-6149.9,-7701.5,-8221.9,-7660.5,-4003.7,-3305.5,-3798.5,-3398.3,-7221.6,-7692.3
31/1/2019,-5438.6,-3367.7,-3925.4,-3676.2,-2996.8,-1853.1,-1618.5,-3545.0,-5090.5,-6467.1,-4009.5,-4668.7,-8037.0,-4351.3,-5721.7,-6454.8,-5483.9,-7428.9,-3899.4,-2883.6,-3930.2,-3348.8,-6723.3,-4123.2
28/2/2019,-5528.2,0.0,-3766.7,-3638.4,-2898.7,-1657.6,0.0,-3505.9,-4970.5,-6594.7,-5837.8,-6662.1,-8392.3,-4071.3,-6255.8,-7109.2,-7596.8,-7664.1,-3941.7,-239.7,-3585.3,-3283.5,-6640.6,-7582.7
31/3/2019,-5558.6,-3436.4,-3908.6,-2738.4,-2874.8,-1815.4,-1881.7,-3487.3,-4960.3,-6358.3,-4723.7,-6395.1,-8215.7,-4189.7,-6107.9,-6759.1,-8035.8,-7623.5,-3923.6,0.0,-3881.6,-3345.5,-6728.8,-7124.2
30/4/2019,-5324.2,-3634.9,-3942.3,-2007.2,-2952.8,-1831.1,-2321.0,-3497.8,-4941.7,-6354.8,-4952.6,-7425.1,-8270.2,-4367.7,-6123.3,-6856.1,-8034.4,-7570.8,-3908.0,-5009.2,-3879.9,-3290.1,-6799.4,-7129.5
31/5/2019,-5233.7,-3689.1,-3941.6,-2608.5,-2991.5,-2056.4,-2479.4,-3514.4,-5210.3,-6208.3,-5150.5,-7379.8,-8261.2,-4445.9,-6103.5,-6916.7,-7981.0,-7149.1,-3889.1,-5952.3,-4067.2,-3245.2,-6788.4,-6568.6
30/6/2019,-5222.5,-3521.0,-3706.3,-2609.2,-2933.0,-2087.7,-2284.3,-3377.9,-5053.7,-5843.9,-4956.6,-6915.9,-7754.7,-4159.3,-4348.4,-6486.7,-7420.4,-862.7,-3642.9,-5759.3,-3667.4,-3028.4,-6330.3,-5114.4
31/7/2019,-5536.4,-3719.3,-3910.8,-2422.6,-3098.6,-2206.2,-2426.8,-1589.7,-5280.6,-6086.4,-5183.6,-6966.4,-8137.8,-4359.2,-6848.9,-6801.7,-7778.2,-6117.5,-3847.5,-4657.7,-3869.0,-3088.4,-6676.3,-2849.0
31/8/2019,-5507.5,-3126.1,-3927.6,-1345.4,-3099.0,-2220.8,-2310.2,-888.3,-5290.1,-6117.0,-5170.1,-6175.7,-8254.4,-4383.8,-6867.1,-6771.9,-7745.0,-7189.0,-3877.6,-5462.7,-3755.3,-2500.7,-6423.8,-8045.5
30/9/2019,-3310.3,-3089.4,-3866.5,-2270.9,-3052.8,-2210.4,-2371.5,-2184.9,-5182.6,-6065.7,-5001.6,-3325.9,-8167.1,-4350.5,-6779.9,-6054.8,-7652.4,-1676.5,-3918.3,-6061.2,-3585.2,-1440.3,-6369.6,-7397.6
31/10/2019,-5615.6,-2822.3,-3834.4,-1531.7,-1542.4,-2040.5,-2294.6,-3466.8,-4452.9,-5926.9,-4717.7,-4226.0,-7689.4,-3928.4,-5934.2,-5512.4,-7366.6,-7052.0,-3855.8,-5258.3,-3495.5,-3377.9,-5798.4,-4660.5
30/11/2019,-4999.7,-2645.5,-3745.1,-3033.7,-2183.3,-2076.5,-2377.9,-3196.4,-5068.7,-6014.0,-4064.1,-5755.4,-7077.0,-3695.5,-5898.5,-5543.2,-7175.7,-5182.1,-3459.3,-5143.0,-3541.4,-3555.3,-5495.6,-6260.4
31/12/2019,-5397.1,-3086.9,-1446.3,-2285.9,-2337.3,-1806.4,-2361.7,-3591.7,-4800.3,-3593.2,-4902.3,-6734.2,-7936.9,-3723.0,-6912.5,-5628.9,-7082.5,-7229.7,-3829.8,-6040.0,-2321.1,-3564.4,-6335.1,-7661.8
31/1/2020,0.0,0.0,0.0,0.0,0.0,0.0,0.0,0.0,0.0,0.0,0.0,0.0,0.0,0.0,0.0,0.0,0.0,0.0,0.0,0.0,0.0,0.0,0.0,0.0
29/2/2020,0.0,0.0,0.0,0.0,0.0,0.0,0.0,0.0,0.0,0.0,0.0,0.0,0.0,0.0,0.0,0.0,0.0,0.0,0.0,0.0,0.0,0.0,0.0,0.0
31/3/2020,0.0,0.0,0.0,0.0,0.0,0.0,0.0,0.0,0.0,0.0,0.0,0.0,0.0,0.0,0.0,0.0,0.0,0.0,0.0,0.0,0.0,0.0,0.0,0.0
30/4/2020,0.0,0.0,0.0,0.0,0.0,0.0,0.0,0.0,0.0,0.0,0.0,0.0,0.0,0.0,0.0,0.0,0.0,0.0,0.0,0.0,0.0,0.0,0.0,0.0
31/5/2020,0.0,0.0,0.0,0.0,0.0,0.0,0.0,0.0,0.0,0.0,0.0,0.0,0.0,0.0,0.0,0.0,0.0,0.0,0.0,0.0,0.0,0.0,0.0,0.0
30/6/2020,0.0,0.0,0.0,0.0,0.0,0.0,0.0,0.0,0.0,0.0,0.0,0.0,0.0,0.0,0.0,0.0,0.0,0.0,0.0,0.0,0.0,0.0,0.0,0.0
31/7/2020,0.0,0.0,0.0,0.0,0.0,0.0,0.0,0.0,0.0,0.0,0.0,0.0,0.0,0.0,0.0,0.0,0.0,0.0,0.0,0.0,0.0,0.0,0.0,0.0
31/8/2020,0.0,0.0,0.0,0.0,0.0,0.0,0.0,0.0,0.0,0.0,0.0,0.0,0.0,0.0,0.0,0.0,0.0,0.0,0.0,0.0,0.0,0.0,0.0,0.0
30/9/2020,0.0,0.0,0.0,0.0,0.0,0.0,0.0,0.0,0.0,0.0,0.0,0.0,0.0,0.0,0.0,0.0,0.0,0.0,0.0,0.0,0.0,0.0,0.0,0.0
31/10/2020,0.0,0.0,0.0,0.0,0.0,0.0,0.0,0.0,0.0,0.0,0.0,0.0,0.0,0.0,0.0,0.0,0.0,0.0,0.0,0.0,0.0,0.0,0.0,0.0
30/11/2020,0.0,0.0,0.0,0.0,0.0,0.0,0.0,0.0,0.0,0.0,0.0,0.0,0.0,0.0,0.0,0.0,0.0,0.0,0.0,0.0,0.0,0.0,0.0,0.0
31/12/2020,0.0,0.0,0.0,0.0,0.0,0.0,0.0,0.0,0.0,0.0,0.0,0.0,0.0,0.0,0.0,0.0,0.0,0.0,0.0,0.0,0.0,0.0,0.0,0.0
31/1/2021,0.0,0.0,0.0,0.0,0.0,0.0,0.0,0.0,0.0,0.0,0.0,0.0,0.0,0.0,0.0,0.0,0.0,0.0,0.0,0.0,0.0,0.0,0.0,0.0
28/2/2021,0.0,0.0,0.0,0.0,0.0,0.0,0.0,0.0,0.0,0.0,0.0,0.0,0.0,0.0,0.0,0.0,0.0,0.0,0.0,0.0,0.0,0.0,0.0,0.0
31/3/2021,0.0,0.0,0.0,0.0,0.0,0.0,0.0,0.0,0.0,0.0,0.0,0.0,0.0,0.0,0.0,0.0,0.0,0.0,0.0,0.0,0.0,0.0,0.0,0.0
30/4/2021,0.0,0.0,0.0,0.0,0.0,0.0,0.0,0.0,0.0,0.0,0.0,0.0,0.0,0.0,0.0,0.0,0.0,0.0,0.0,0.0,0.0,0.0,0.0,0.0
31/5/2021,0.0,0.0,0.0,0.0,0.0,0.0,0.0,0.0,0.0,0.0,0.0,0.0,0.0,0.0,0.0,0.0,0.0,0.0,0.0,0.0,0.0,0.0,0.0,0.0
30/6/2021,0.0,0.0,0.0,0.0,0.0,0.0,0.0,0.0,0.0,0.0,0.0,0.0,0.0,0.0,0.0,0.0,0.0,0.0,0.0,0.0,0.0,0.0,0.0,0.0
31/7/2021,0.0,0.0,0.0,0.0,0.0,0.0,0.0,0.0,0.0,0.0,0.0,0.0,0.0,0.0,0.0,0.0,0.0,0.0,0.0,0.0,0.0,0.0,0.0,0.0
31/8/2021,0.0,0.0,0.0,0.0,0.0,0.0,0.0,0.0,0.0,0.0,0.0,0.0,0.0,0.0,0.0,0.0,0.0,0.0,0.0,0.0,0.0,0.0,0.0,0.0
30/9/2021,0.0,0.0,0.0,0.0,0.0,0.0,0.0,0.0,0.0,0.0,0.0,0.0,0.0,0.0,0.0,0.0,0.0,0.0,0.0,0.0,0.0,0.0,0.0,0.0
31/10/2021,0.0,0.0,0.0,0.0,0.0,0.0,0.0,0.0,0.0,0.0,0.0,0.0,0.0,0.0,0.0,0.0,0.0,0.0,0.0,0.0,0.0,0.0,0.0,0.0
30/11/2021,0.0,0.0,0.0,0.0,0.0,0.0,0.0,0.0,0.0,0.0,0.0,0.0,0.0,0.0,0.0,0.0,0.0,0.0,0.0,0.0,0.0,0.0,0.0,0.0
31/12/2021,0.0,0.0,0.0,0.0,0.0,0.0,0.0,0.0,0.0,0.0,0.0,0.0,0.0,0.0,0.0,0.0,0.0,0.0,0.0,0.0,0.0,0.0,0.0,0.0
31/1/2022,0.0,0.0,0.0,0.0,0.0,0.0,0.0,0.0,0.0,0.0,0.0,0.0,0.0,0.0,0.0,0.0,0.0,0.0,0.0,0.0,0.0,0.0,0.0,0.0
28/2/2022,0.0,0.0,0.0,0.0,0.0,0.0,0.0,0.0,0.0,0.0,0.0,0.0,0.0,0.0,0.0,0.0,0.0,0.0,0.0,0.0,0.0,0.0,0.0,0.0
31/3/2022,0.0,0.0,0.0,0.0,0.0,0.0,0.0,0.0,0.0,0.0,0.0,0.0,0.0,0.0,0.0,0.0,0.0,0.0,0.0,0.0,0.0,0.0,0.0,0.0
30/4/2022,0.0,0.0,0.0,0.0,0.0,0.0,0.0,0.0,0.0,0.0,0.0,0.0,0.0,0.0,0.0,0.0,0.0,0.0,0.0,0.0,0.0,0.0,0.0,0.0
31/5/2022,0.0,0.0,0.0,0.0,0.0,0.0,0.0,0.0,0.0,0.0,0.0,0.0,0.0,0.0,0.0,0.0,0.0,0.0,0.0,0.0,0.0,0.0,0.0,0.0
30/6/2022,0.0,0.0,0.0,0.0,0.0,0.0,0.0,0.0,0.0,0.0,0.0,0.0,0.0,0.0,0.0,0.0,0.0,0.0,0.0,0.0,0.0,0.0,0.0,0.0
31/7/2022,0.0,0.0,0.0,0.0,0.0,0.0,0.0,0.0,0.0,0.0,0.0,0.0,0.0,0.0,0.0,0.0,0.0,0.0,0.0,0.0,0.0,0.0,0.0,0.0
31/8/2022,0.0,0.0,0.0,0.0,0.0,0.0,0.0,0.0,0.0,0.0,0.0,0.0,0.0,0.0,0.0,0.0,0.0,0.0,0.0,0.0,0.0,0.0,0.0,0.0